"","rf1c3d1e.self.time","r86cc7e9.self.time","rade1e58.self.time","r5c98a1f.self.time","rf1c3d1e.self.pct","r86cc7e9.self.pct","rade1e58.self.pct","r5c98a1f.self.pct","rf1c3d1e.total.time","r86cc7e9.total.time","rade1e58.total.time","r5c98a1f.total.time","rf1c3d1e.total.pct","r86cc7e9.total.pct","rade1e58.total.pct","r5c98a1f.total.pct","rf1c3d1e.mem.total","r86cc7e9.mem.total","rade1e58.mem.total","r5c98a1f.mem.total"
"GrahamDB-selac-e94b31e/R/selac.R#1444#""GetLikelihoodSAC_CodonForManyCharVaryingBySiteEvolvingAA"".ecoliFASTHMMTEST_selac_UNREST_none",,,,,,,,,,,,,,,,,,,,
"""lapply"".ecoliFASTHMMTEST_selac_UNREST_none",0.075,,,,11.855,,,,0.1,,,,16.025,,,,17.9,,,
"<expr>#760#""lSAC.c4mc.full"".ecoliFASTHMMTEST_selac_UNREST_none",,,,,,,,,,,,,,,,,,,,
"""FUN"".ecoliFASTHMMTEST_selac_UNREST_none",,,,,,,,,,,,,,,,,,,,
"GrahamDB-selac-ca13013/R/selac.R#1111#""TreeTraversalODE"".ecoliFASTHMMTEST_selac_UNREST_none",,,,0.75,,,,2.33,,,,31.25,,,,98.42,,,,596.45
"GrahamDB-selac-ca13013/R/selac.R#3468#""ode"".ecoliFASTHMMTEST_selac_UNREST_none",,,,0.5,,,,1.79,,,,27.5,,,,98.21,,,,565.5
"deSolve/R/ode.R#22#""rk"".ecoliFASTHMMTEST_selac_UNREST_none",,,,0.5,,,,2,,,,24.5,,,,98,,,,450.3
"deSolve/R/rk.R#210#"".Call"".ecoliFASTHMMTEST_selac_UNREST_none",,,,26.4666666666667,,,,94.7123333333333,,,,26.5,,,,94.8226666666667,,,,521.203333333333
"<expr>#1042#""lSAC.c4mc.full"".ecoliFASTHMMTEST_selac_UNREST_none",,,,,,,,,,,,,,,,,,,,
"""tryCatchList"".ecoliFASTHMMTEST_selac_UNREST_none",,,,,,,,,,,,,,,,,,,,
"""doTryCatch"".ecoliFASTHMMTEST_selac_UNREST_none",,,,,,,,,,,,,,,,,,,,
"deSolve/R/lsoda.R#230#"".Call"".ecoliFASTHMMTEST_selac_UNREST_none",,,,2,,,,6.33666666666667,,,,2,,,,6.33666666666667,,,,35.0666666666667
"deSolve/R/functions.R#292#""as.character"".ecoliFASTHMMTEST_selac_UNREST_none",,,,0.545454545454545,,,,1.91181818181818,,,,0.545454545454545,,,,1.91181818181818,,,,12.0545454545455
"<expr>#986#""lSAC.c4mc.full"".ecoliFASTHMMTEST_selac_UNREST_none",0.05,0.05,,,8.22333333333333,7.946,,,0.608333333333333,0.63,,,100,100,,,171.033333333333,169.36,,
"GrahamDB-selac-ade1e58/R/selac.R#1188#""mclapply"".ecoliFASTHMMTEST_selac_UNREST_none",,,,,,,,,,,,,,,,,,,,
"GrahamDB-selac-ca13013/R/selac.R#805#""GetProteinProteinDistance"".ecoliFASTHMMTEST_selac_UNREST_none",0.05,,,,8.33,,,,0.05,,,,8.33,,,,52.1,,,
"""<GC>"".ecoliFASTHMMTEST_selac_UNREST_none",0.15,0.116666666666667,,0.5,24.68,18.3766666666667,,1.655,0.15,0.116666666666667,,0.5,24.68,18.3766666666667,,1.655,78.2,58.15,,11.55
"GrahamDB-selac-ca13013/R/selac.R#891#""FastCreateAllCodonFixationProbabilityMatrices"".ecoliFASTHMMTEST_selac_UNREST_none",0.05,0.05,,,8.202,7.90333333333333,,,0.15,0.15,,,24.616,23.72,,,53.44,54.3833333333333,,
"GrahamDB-selac-ca13013/R/selac.R#1415#""FastCreateEvolveAACodonFixationProbabilityMatrix"".ecoliFASTHMMTEST_selac_UNREST_none",,,,,,,,,,,,,,,,,,,,
"GrahamDB-selac-ca13013/R/selac.R#905#""<GC>"".ecoliFASTHMMTEST_selac_UNREST_none",,,,,,,,,,,,,,,,,,,,
"GrahamDB-selac-ca13013/R/selac.R#805#""GetPairwiseProteinFixationProbabilitySingleSite"".ecoliFASTHMMTEST_selac_UNREST_none",0.05,0.05,,,8.33,7.90333333333333,,,0.1,0.1,,,16.67,15.81,,,50.3333333333333,51.4333333333333,,
"""mcfork"".ecoliFASTHMMTEST_selac_UNREST_none",0.05,0.08,,,8.33,12.432,,,0.05,0.08,,,8.33,12.432,,,8.63333333333333,7.44,,
"GrahamDB-selac-ca13013/R/selac.R#750#""site_d"".ecoliFASTHMMTEST_selac_UNREST_none",0.075,0.0625,,,12.18,9.935,,,0.075,0.075,,,12.18,11.8575,,,25.7,49.5,,
"GrahamDB-selac-ca13013/R/selac.R#1161#""<GC>"".ecoliFASTHMMTEST_selac_UNREST_none",0.05,0.0583333333333333,,0.5,8.22333333333333,9.185,,1.80066666666667,0.05,0.0583333333333333,,0.5,8.22333333333333,9.185,,1.80066666666667,6.88333333333333,0,,0
"GrahamDB-selac-ca13013/R/selac.R#825#""CreateAAFixationMatrixForEverything"".ecoliFASTHMMTEST_selac_UNREST_none",0.05,,,,8.33,,,,0.1,,,,16.67,,,,46.8,,,
"GrahamDB-selac-ca13013/R/selac.R#1155#""<GC>"".ecoliFASTHMMTEST_selac_UNREST_none",0.05,0.05,,,8.22333333333333,7.90333333333333,,,0.05,0.05,,,8.22333333333333,7.90333333333333,,,2.53333333333333,7.13333333333333,,
"GrahamDB-selac-ca13013/R/selac.R#1166#""diag<-"".ecoliFASTHMMTEST_selac_UNREST_none",0.05,,,,8.33,,,,0.05,,,,8.33,,,,13.8,,,
"""unlist"".ecoliFASTHMMTEST_selac_UNREST_none",,0.05,,0.5,,7.69,,1.56,,0.05,,0.5,,7.69,,1.56,,0,,11.5
"GrahamDB-selac-ca13013/R/selac.R#904#""rownames<-"".ecoliFASTHMMTEST_selac_UNREST_none",,0.05,,,,7.69,,,,0.1,,,,15.38,,,,41.3,,
"GrahamDB-selac-ca13013/R/selac.R#905#""colnames<-"".ecoliFASTHMMTEST_selac_UNREST_none",,,,,,,,,,,,,,,,,,,,
"GrahamDB-selac-ca13013/R/selac.R#1165#""diag<-"".ecoliFASTHMMTEST_selac_UNREST_none",,0.05,,,,8.01,,,,0.05,,,,8.01,,,,27.6,,
"GrahamDB-selac-ca13013/R/selac.R#1166#""rowSums"".ecoliFASTHMMTEST_selac_UNREST_none",0.05,0.05,,,8.33,8.33,,,0.05,0.05,,,8.33,8.33,,,27.6,27.6,,
"GrahamDB-selac-ca13013/R/selac.R#736#""<GC>"".ecoliFASTHMMTEST_selac_UNREST_none",,,,,,,,,,,,,,,,,,,,
"GrahamDB-selac-ca13013/R/selac.R#729#""length"".ecoliFASTHMMTEST_selac_UNREST_none",,,,,,,,,,,,,,,,,,,,
"GrahamDB-selac-ca13013/R/selac.R#878#""matrix"".ecoliFASTHMMTEST_selac_UNREST_none",,,,,,,,,,,,,,,,,,,,
"""t.default"".ecoliFASTHMMTEST_selac_UNREST_none",,,,,,,,,,,,,,,,,,,,
"GrahamDB-selac-ca13013/R/selac.R#1156#""<GC>"".ecoliFASTHMMTEST_selac_UNREST_none",,,,,,,,,,,,,,,,,,,,
"GrahamDB-selac-ca13013/R/selac.R#1166#""<GC>"".ecoliFASTHMMTEST_selac_UNREST_none",,0.05,,,,7.69,,,,0.05,,,,7.69,,,,27.6,,
"GrahamDB-selac-ca13013/R/selac.R#736#""is.na"".ecoliFASTHMMTEST_selac_UNREST_none",,0.05,,,,7.69,,,,0.05,,,,7.69,,,,30.65,,
"""match.fun"".ecoliFASTHMMTEST_selac_UNREST_none",0.05,0.05,,,8.33,8.33,,,0.05,0.05,,,8.33,8.33,,,4.9,8.1,,
"""processID"".ecoliFASTHMMTEST_selac_UNREST_none",,,,,,,,,,,,,,,,,,,,
"""delayedAssign"".ecoliFASTHMMTEST_selac_UNREST_none",,,,0.5,,,,1.67,,,,0.5,,,,1.67,,,,48.1
"deSolve/R/rk.R#75#""$"".ecoliFASTHMMTEST_selac_UNREST_none",,,,0.5,,,,1.67,,,,0.5,,,,1.67,,,,12.1
"""selectChildren"".ecoliFASTHMMTEST_selac_UNREST_none",0.05,,,,7.69,,,,0.1,,,,15.38,,,,9.3,,,
"GrahamDB-selac-ca13013/R/selac.R#1425#""FastCreateEvolveAACodonFixationProbabilityMatrix"".ecoliFASTHMMTEST_selac_UNREST_none",0.05,0.05,,,8.33,8.11666666666667,,,0.25,0.25,,,41.67,40.6,,,109.3,108.2,,
"GrahamDB-selac-ca13013/R/selac.R#750#""<GC>"".ecoliFASTHMMTEST_selac_UNREST_none",,,,,,,,,,,,,,,,,,,,
"""$"".ecoliFASTHMMTEST_selac_UNREST_none",,0.05,,,,7.69,,,,0.05,,,,7.69,,,,22.1,,
"GrahamDB-selac-ca13013/R/selac.R#892#""FastCreateOptAATransitionMatrices"".ecoliFASTHMMTEST_selac_UNREST_none",,,,,,,,,,,,,,,,,,,,
"""all"".ecoliFASTHMMTEST_selac_UNREST_none",0.05,,,,8.33,,,,0.05,,,,8.33,,,,8.8,,,
"GrahamDB-selac-ca13013/R/selac.R#1386#""<GC>"".ecoliFASTHMMTEST_selac_UNREST_none",0.05,0.05,,,8.22333333333333,7.90333333333333,,,0.05,0.05,,,8.22333333333333,7.90333333333333,,,0,0,,
"GrahamDB-selac-ca13013/R/selac.R#712#""<GC>"".ecoliFASTHMMTEST_selac_UNREST_none",0.05,0.05,,,8.11666666666667,8.33,,,0.05,0.05,,,8.11666666666667,8.33,,,46.8,46.8,,
"GrahamDB-selac-ca13013/R/selac.R#1156#""rowSums"".ecoliFASTHMMTEST_selac_UNREST_none",,,,,,,,,,,,,,,,,,,,
"GrahamDB-selac-ca13013/R/selac.R#881#""diag"".ecoliFASTHMMTEST_selac_UNREST_none",,,,,,,,,,,,,,,,,,,,
"""readChild"".ecoliFASTHMMTEST_selac_UNREST_none",,,,,,,,,,,,,,,,,,,,
"""vapply"".ecoliFASTHMMTEST_selac_UNREST_none",,,,,,,,,,,,,,,,,,,,
"GrahamDB-selac-e94b31e/R/selac.R#1444#""GetLikelihoodSAC_CodonForManyCharVaryingBySiteEvolvingAA"".ecoliFASTHMMTEST_selac_UNREST_median",0.05,,,0.5,3,,,0.32,0.7,,,154,41.9766666666667,,,99.35,227.033333333333,,,2579.8
"""lapply"".ecoliFASTHMMTEST_selac_UNREST_median",0.05,,,0.5,2.994,,,0.41,0.09,,,120.5,5.364,,,99.18,5.08,,,2240.9
"<expr>#760#""lSAC.c4mc.full"".ecoliFASTHMMTEST_selac_UNREST_median",,,,,,,,,,,,,,,,,,,,
"""FUN"".ecoliFASTHMMTEST_selac_UNREST_median",,,,0.5,,,,0.385,,,,130.75,,,,99.065,,,,2360.25
"GrahamDB-selac-ca13013/R/selac.R#1111#""TreeTraversalODE"".ecoliFASTHMMTEST_selac_UNREST_median",,,,0.5,,,,0.442857142857143,,,,113.357142857143,,,,98.6728571428571,,,,2178.31428571429
"GrahamDB-selac-ca13013/R/selac.R#3468#""ode"".ecoliFASTHMMTEST_selac_UNREST_median",,,,0.5,,,,0.41,,,,119.5,,,,98.35,,,,2240.9
"deSolve/R/ode.R#22#""rk"".ecoliFASTHMMTEST_selac_UNREST_median",,,,0.5,,,,0.433333333333333,,,,105.111111111111,,,,89.9322222222222,,,,2011.26666666667
"deSolve/R/rk.R#210#"".Call"".ecoliFASTHMMTEST_selac_UNREST_median",,,,104.05,,,,88.371,,,,104.133333333333,,,,88.4386666666667,,,,2022.03
"<expr>#1042#""lSAC.c4mc.full"".ecoliFASTHMMTEST_selac_UNREST_median",,,,,,,,,,,,,,,,,,,,
"""tryCatchList"".ecoliFASTHMMTEST_selac_UNREST_median",,,,,,,,,,,,,,,,,,,,
"""doTryCatch"".ecoliFASTHMMTEST_selac_UNREST_median",,,,,,,,,,,,,,,,,,,,
"deSolve/R/lsoda.R#230#"".Call"".ecoliFASTHMMTEST_selac_UNREST_median",,,,15.25,,,,11.085,,,,15.25,,,,11.085,,,,172.520833333333
"deSolve/R/functions.R#292#""as.character"".ecoliFASTHMMTEST_selac_UNREST_median",,,,0.947368421052632,,,,0.823157894736842,,,,0.947368421052632,,,,0.823157894736842,,,,18.4052631578947
"<expr>#986#""lSAC.c4mc.full"".ecoliFASTHMMTEST_selac_UNREST_median",0.05,,,,3,,,,1.66666666666667,,,,100,,,,545.266666666667,,,
"GrahamDB-selac-ade1e58/R/selac.R#1188#""mclapply"".ecoliFASTHMMTEST_selac_UNREST_median",,,,,,,,,,,,,,,,,,,,
"GrahamDB-selac-ca13013/R/selac.R#805#""GetProteinProteinDistance"".ecoliFASTHMMTEST_selac_UNREST_median",0.1,,,0.5,6.06,,,0.485,0.425,,,0.5,25.755,,,0.485,163.05,,,10.65
"""<GC>"".ecoliFASTHMMTEST_selac_UNREST_median",0.175,,,0.607142857142857,10.5,,,0.475714285714286,0.175,,,0.607142857142857,10.5,,,0.475714285714286,97.2333333333333,,,10.3571428571429
"GrahamDB-selac-ca13013/R/selac.R#891#""FastCreateAllCodonFixationProbabilityMatrices"".ecoliFASTHMMTEST_selac_UNREST_median",0.108333333333333,,,0.5,6.475,,,0.418,0.625,,,0.8,37.4916666666667,,,0.682,182.483333333333,,,9.96
"GrahamDB-selac-ca13013/R/selac.R#1415#""FastCreateEvolveAACodonFixationProbabilityMatrix"".ecoliFASTHMMTEST_selac_UNREST_median",0.05,,,0.5,3.03,,,0.366666666666667,0.8,,,0.833333333333333,48.485,,,0.623333333333333,287.95,,,43.1
"GrahamDB-selac-ca13013/R/selac.R#905#""<GC>"".ecoliFASTHMMTEST_selac_UNREST_median",,,,0.75,,,,0.63,,,,0.75,,,,0.63,,,,24.95
"GrahamDB-selac-ca13013/R/selac.R#805#""GetPairwiseProteinFixationProbabilitySingleSite"".ecoliFASTHMMTEST_selac_UNREST_median",0.183333333333333,,0.5,0.5,10.99,,33.33,0.465,0.383333333333333,,0.5,0.5,22.9633333333333,,33.33,0.465,133.833333333333,,18.2,12.75
"""mcfork"".ecoliFASTHMMTEST_selac_UNREST_median",0.15,,0.5,,8.985,,33.33,,0.158333333333333,,0.5,,9.49,,33.33,,41.7666666666667,,42.5,
"GrahamDB-selac-ca13013/R/selac.R#750#""site_d"".ecoliFASTHMMTEST_selac_UNREST_median",0.175,,0.5,0.5,10.4866666666667,,33.33,0.406666666666667,0.241666666666667,,0.5,0.583333333333333,14.4966666666667,,33.33,0.461666666666667,81.2666666666667,,25.74,21.4333333333333
"GrahamDB-selac-ca13013/R/selac.R#1161#""<GC>"".ecoliFASTHMMTEST_selac_UNREST_median",0.266666666666667,,0.5,0.533333333333333,16.0116666666667,,33.33,0.464333333333333,0.266666666666667,,0.5,0.533333333333333,16.0116666666667,,33.33,0.464333333333333,85.7833333333333,,0,2.76666666666667
"GrahamDB-selac-ca13013/R/selac.R#825#""CreateAAFixationMatrixForEverything"".ecoliFASTHMMTEST_selac_UNREST_median",0.075,,,0.5,4.515,,,0.385,0.483333333333333,,,0.5,29.0083333333333,,,0.385,156.75,,,7.45
"GrahamDB-selac-ca13013/R/selac.R#1155#""<GC>"".ecoliFASTHMMTEST_selac_UNREST_median",0.0583333333333333,,,0.5,3.505,,,0.456666666666667,0.0583333333333333,,,0.5,3.505,,,0.456666666666667,11.7,,,12.15
"GrahamDB-selac-ca13013/R/selac.R#1166#""diag<-"".ecoliFASTHMMTEST_selac_UNREST_median",0.0666666666666667,,0.5,0.5,4.01,,33.33,0.55,0.0666666666666667,,0.5,0.5,4.01,,33.33,0.55,13.5333333333333,,14.4,0
"""unlist"".ecoliFASTHMMTEST_selac_UNREST_median",0.05,,,0.5,2.94,,,0.5,0.1,,,0.5,5.88,,,0.5,5.1,,,0.2
"GrahamDB-selac-ca13013/R/selac.R#904#""rownames<-"".ecoliFASTHMMTEST_selac_UNREST_median",0.05,,,0.5,3.03,,,0.47,0.1,,,0.5,6.06,,,0.47,91.4,,,0
"GrahamDB-selac-ca13013/R/selac.R#905#""colnames<-"".ecoliFASTHMMTEST_selac_UNREST_median",0.05,,,0.5,2.985,,,0.51,0.075,,,0.5,4.455,,,0.51,76.7,,,4.5
"GrahamDB-selac-ca13013/R/selac.R#1165#""diag<-"".ecoliFASTHMMTEST_selac_UNREST_median",,,,,,,,,,,,,,,,,,,,
"GrahamDB-selac-ca13013/R/selac.R#1166#""rowSums"".ecoliFASTHMMTEST_selac_UNREST_median",0.05,,,0.5,3.03,,,0.45,0.05,,,0.5,3.03,,,0.45,0,,,0
"GrahamDB-selac-ca13013/R/selac.R#736#""<GC>"".ecoliFASTHMMTEST_selac_UNREST_median",0.05,,,0.5,3.0075,,,0.32,0.05,,,0.5,3.0075,,,0.32,15.925,,,37.1
"GrahamDB-selac-ca13013/R/selac.R#729#""length"".ecoliFASTHMMTEST_selac_UNREST_median",,,,,,,,,,,,,,,,,,,,
"GrahamDB-selac-ca13013/R/selac.R#878#""matrix"".ecoliFASTHMMTEST_selac_UNREST_median",0.05,,,,3.03,,,,0.05,,,,3.03,,,,29.5,,,
"""t.default"".ecoliFASTHMMTEST_selac_UNREST_median",,,0.5,,,,33.33,,,,0.5,,,,33.33,,,,28.2,
"GrahamDB-selac-ca13013/R/selac.R#1156#""<GC>"".ecoliFASTHMMTEST_selac_UNREST_median",,,,,,,,,,,,,,,,,,,,
"GrahamDB-selac-ca13013/R/selac.R#1166#""<GC>"".ecoliFASTHMMTEST_selac_UNREST_median",,,,0.5,,,,0.51,,,,0.5,,,,0.51,,,,18.2
"GrahamDB-selac-ca13013/R/selac.R#736#""is.na"".ecoliFASTHMMTEST_selac_UNREST_median",0.05,,,0.5,2.985,,,0.48,0.1,,,0.5,6.015,,,0.48,35.05,,,0
"""match.fun"".ecoliFASTHMMTEST_selac_UNREST_median",,,,0.5,,,,0.46,,,,0.5,,,,0.46,,,,15.15
"""processID"".ecoliFASTHMMTEST_selac_UNREST_median",,,,,,,,,,,,,,,,,,,,
"""delayedAssign"".ecoliFASTHMMTEST_selac_UNREST_median",,,,,,,,,,,,,,,,,,,,
"deSolve/R/rk.R#75#""$"".ecoliFASTHMMTEST_selac_UNREST_median",,,,,,,,,,,,,,,,,,,,
"""selectChildren"".ecoliFASTHMMTEST_selac_UNREST_median",0.05,,,,2.97,,,,0.116666666666667,,,,6.92,,,,29.4666666666667,,,
"GrahamDB-selac-ca13013/R/selac.R#1425#""FastCreateEvolveAACodonFixationProbabilityMatrix"".ecoliFASTHMMTEST_selac_UNREST_median",,,,,,,,,,,,,,,,,,,,
"GrahamDB-selac-ca13013/R/selac.R#750#""<GC>"".ecoliFASTHMMTEST_selac_UNREST_median",0.1,,,,5.88,,,,0.1,,,,5.88,,,,27.4,,,
"""$"".ecoliFASTHMMTEST_selac_UNREST_median",0.075,,,,4.545,,,,0.075,,,,4.545,,,,8.5,,,
"GrahamDB-selac-ca13013/R/selac.R#892#""FastCreateOptAATransitionMatrices"".ecoliFASTHMMTEST_selac_UNREST_median",0.05,,,,2.94,,,,0.05,,,,2.94,,,,22.4,,,
"""all"".ecoliFASTHMMTEST_selac_UNREST_median",,,,,,,,,,,,,,,,,,,,
"GrahamDB-selac-ca13013/R/selac.R#1386#""<GC>"".ecoliFASTHMMTEST_selac_UNREST_median",0.05,,,,3,,,,0.05,,,,3,,,,0,,,
"GrahamDB-selac-ca13013/R/selac.R#712#""<GC>"".ecoliFASTHMMTEST_selac_UNREST_median",,,,,,,,,,,,,,,,,,,,
"GrahamDB-selac-ca13013/R/selac.R#1156#""rowSums"".ecoliFASTHMMTEST_selac_UNREST_median",0.05,,,,2.985,,,,0.05,,,,2.985,,,,54.8,,,
"GrahamDB-selac-ca13013/R/selac.R#881#""diag"".ecoliFASTHMMTEST_selac_UNREST_median",0.05,,,,3.03,,,,0.05,,,,3.03,,,,24.4,,,
"""readChild"".ecoliFASTHMMTEST_selac_UNREST_median",,,,,,,,,,,,,,,,,,,,
"""vapply"".ecoliFASTHMMTEST_selac_UNREST_median",,,,,,,,,,,,,,,,,,,,
"GrahamDB-selac-e94b31e/R/selac.R#1444#""GetLikelihoodSAC_CodonForManyCharVaryingBySiteEvolvingAA"".ecoliFASTHMMTEST_selac_UNREST_quadrature",0.06,,,0.5,3.528,,,0.436666666666667,0.72,,,118.666666666667,42.356,,,99.8833333333333,233.54,,,2206.46666666667
"""lapply"".ecoliFASTHMMTEST_selac_UNREST_quadrature",0.05,,,0.5,2.94,,,0.46,0.15,,,107.5,8.82,,,99.06,28,,,2057.4
"<expr>#760#""lSAC.c4mc.full"".ecoliFASTHMMTEST_selac_UNREST_quadrature",,,,,,,,,,,,,,,,,,,,
"""FUN"".ecoliFASTHMMTEST_selac_UNREST_quadrature",0.05,,,0.5,2.94,,,0.44,0.05,,,114.5,2.94,,,98.83,8.1,,,2119.03333333333
"GrahamDB-selac-ca13013/R/selac.R#1111#""TreeTraversalODE"".ecoliFASTHMMTEST_selac_UNREST_quadrature",,,,0.576923076923077,,,,0.470769230769231,,,,125,,,,98.8838461538462,,,,2296.97692307692
"GrahamDB-selac-ca13013/R/selac.R#3468#""ode"".ecoliFASTHMMTEST_selac_UNREST_quadrature",,,,0.5,,,,0.42,,,,119,,,,98.965,,,,2259.2
"deSolve/R/ode.R#22#""rk"".ecoliFASTHMMTEST_selac_UNREST_quadrature",,,,0.5,,,,0.398571428571429,,,,107.714285714286,,,,85.2071428571429,,,,2054.3
"deSolve/R/rk.R#210#"".Call"".ecoliFASTHMMTEST_selac_UNREST_quadrature",,,,104.95,,,,87.9023333333333,,,,105.066666666667,,,,88.0026666666667,,,,2040.71666666667
"<expr>#1042#""lSAC.c4mc.full"".ecoliFASTHMMTEST_selac_UNREST_quadrature",,,,,,,,,,,,,,,,,,,,
"""tryCatchList"".ecoliFASTHMMTEST_selac_UNREST_quadrature",,,,,,,,,,,,,,,,,,,,
"""doTryCatch"".ecoliFASTHMMTEST_selac_UNREST_quadrature",,,,,,,,,,,,,,,,,,,,
"deSolve/R/lsoda.R#230#"".Call"".ecoliFASTHMMTEST_selac_UNREST_quadrature",,,,15.2321428571429,,,,10.0153571428571,,,,15.2321428571429,,,,10.0153571428571,,,,182.710714285714
"deSolve/R/functions.R#292#""as.character"".ecoliFASTHMMTEST_selac_UNREST_quadrature",,,,1.02631578947368,,,,0.868947368421053,,,,1.02631578947368,,,,0.868947368421053,,,,18.2368421052632
"<expr>#986#""lSAC.c4mc.full"".ecoliFASTHMMTEST_selac_UNREST_quadrature",0.05,,,,2.94,,,,1.7,,,,100,,,,558.466666666667,,,
"GrahamDB-selac-ade1e58/R/selac.R#1188#""mclapply"".ecoliFASTHMMTEST_selac_UNREST_quadrature",,,,,,,,,,,,,,,,,,,,
"GrahamDB-selac-ca13013/R/selac.R#805#""GetProteinProteinDistance"".ecoliFASTHMMTEST_selac_UNREST_quadrature",0.0875,,,0.5,5.145,,,0.42,0.35,,,1,20.59,,,0.84,105.8,,,39.5
"""<GC>"".ecoliFASTHMMTEST_selac_UNREST_quadrature",0.166666666666667,,,0.571428571428571,9.80333333333333,,,0.505714285714286,0.166666666666667,,,0.571428571428571,9.80333333333333,,,0.505714285714286,91.3,,,11.0857142857143
"GrahamDB-selac-ca13013/R/selac.R#891#""FastCreateAllCodonFixationProbabilityMatrices"".ecoliFASTHMMTEST_selac_UNREST_quadrature",0.1,,,0.5,5.88,,,0.485,0.65,,,0.75,38.24,,,0.755,176.183333333333,,,16.95
"GrahamDB-selac-ca13013/R/selac.R#1415#""FastCreateEvolveAACodonFixationProbabilityMatrix"".ecoliFASTHMMTEST_selac_UNREST_quadrature",0.05,,,,2.94,,,,0.8,,,,47.06,,,,324.7,,,
"GrahamDB-selac-ca13013/R/selac.R#905#""<GC>"".ecoliFASTHMMTEST_selac_UNREST_quadrature",,,,0.5,,,,0.31,,,,0.5,,,,0.31,,,,0
"GrahamDB-selac-ca13013/R/selac.R#805#""GetPairwiseProteinFixationProbabilitySingleSite"".ecoliFASTHMMTEST_selac_UNREST_quadrature",0.0916666666666667,,,0.5,5.39,,,0.394285714285714,0.433333333333333,,,0.714285714285714,25.49,,,0.538571428571429,121.183333333333,,,27.8857142857143
"""mcfork"".ecoliFASTHMMTEST_selac_UNREST_quadrature",0.191666666666667,,0.5,,11.2733333333333,,33.33,,0.191666666666667,,0.5,,11.2733333333333,,33.33,,46.5666666666667,,42.5,
"GrahamDB-selac-ca13013/R/selac.R#750#""site_d"".ecoliFASTHMMTEST_selac_UNREST_quadrature",0.225,,0.5,0.5,13.2333333333333,,33.33,0.3725,0.25,,0.5,0.5,14.705,,33.33,0.3725,69.2166666666667,,29.8166666666667,12.8125
"GrahamDB-selac-ca13013/R/selac.R#1161#""<GC>"".ecoliFASTHMMTEST_selac_UNREST_quadrature",0.241666666666667,,0.5,0.566666666666667,14.2166666666667,,33.33,0.485,0.241666666666667,,0.5,0.566666666666667,14.2166666666667,,33.33,0.485,74.45,,0,2.54
"GrahamDB-selac-ca13013/R/selac.R#825#""CreateAAFixationMatrixForEverything"".ecoliFASTHMMTEST_selac_UNREST_quadrature",0.1,,,0.5,5.88,,,0.455,0.525,,,0.5,30.88,,,0.455,149.55,,,9.375
"GrahamDB-selac-ca13013/R/selac.R#1155#""<GC>"".ecoliFASTHMMTEST_selac_UNREST_quadrature",0.0583333333333333,,,0.5,3.43,,,0.3,0.0583333333333333,,,0.5,3.43,,,0.3,9.26666666666667,,,33.5
"GrahamDB-selac-ca13013/R/selac.R#1166#""diag<-"".ecoliFASTHMMTEST_selac_UNREST_quadrature",0.05,,0.5,,2.94,,33.33,,0.05,,0.5,,2.94,,33.33,,13.8,,14.4,
"""unlist"".ecoliFASTHMMTEST_selac_UNREST_quadrature",0.05,,,0.5,2.94,,,0.4,0.15,,,0.5,8.82,,,0.4,33.4,,,19.2
"GrahamDB-selac-ca13013/R/selac.R#904#""rownames<-"".ecoliFASTHMMTEST_selac_UNREST_quadrature",0.075,,,0.5,4.41,,,0.43,0.125,,,0.5,7.35,,,0.43,93.55,,,4.2
"GrahamDB-selac-ca13013/R/selac.R#905#""colnames<-"".ecoliFASTHMMTEST_selac_UNREST_quadrature",0.0666666666666667,,,,3.92,,,,0.1,,,,5.88,,,,82.5333333333333,,,
"GrahamDB-selac-ca13013/R/selac.R#1165#""diag<-"".ecoliFASTHMMTEST_selac_UNREST_quadrature",0.05,,,0.5,2.94,,,0.54,0.05,,,0.5,2.94,,,0.54,13.8,,,0
"GrahamDB-selac-ca13013/R/selac.R#1166#""rowSums"".ecoliFASTHMMTEST_selac_UNREST_quadrature",0.05,,,,2.94,,,,0.05,,,,2.94,,,,0,,,
"GrahamDB-selac-ca13013/R/selac.R#736#""<GC>"".ecoliFASTHMMTEST_selac_UNREST_quadrature",0.05,,,,2.94,,,,0.05,,,,2.94,,,,16.1,,,
"GrahamDB-selac-ca13013/R/selac.R#729#""length"".ecoliFASTHMMTEST_selac_UNREST_quadrature",,,,0.5,,,,0.35,,,,0.5,,,,0.35,,,,26.4
"GrahamDB-selac-ca13013/R/selac.R#878#""matrix"".ecoliFASTHMMTEST_selac_UNREST_quadrature",,,,,,,,,,,,,,,,,,,,
"""t.default"".ecoliFASTHMMTEST_selac_UNREST_quadrature",,,0.5,0.5,,,33.33,0.435,,,0.5,0.5,,,33.33,0.435,,,28.2,3.55
"GrahamDB-selac-ca13013/R/selac.R#1156#""<GC>"".ecoliFASTHMMTEST_selac_UNREST_quadrature",,,,,,,,,,,,,,,,,,,,
"GrahamDB-selac-ca13013/R/selac.R#1166#""<GC>"".ecoliFASTHMMTEST_selac_UNREST_quadrature",0.05,,,,2.94,,,,0.05,,,,2.94,,,,27.6,,,
"GrahamDB-selac-ca13013/R/selac.R#736#""is.na"".ecoliFASTHMMTEST_selac_UNREST_quadrature",0.05,,,,2.94,,,,0.05,,,,2.94,,,,3.8,,,
"""match.fun"".ecoliFASTHMMTEST_selac_UNREST_quadrature",0.05,,,,2.94,,,,0.05,,,,2.94,,,,0,,,
"""processID"".ecoliFASTHMMTEST_selac_UNREST_quadrature",,,0.5,,,,33.33,,,,0.5,,,,33.33,,,,42.5,
"""delayedAssign"".ecoliFASTHMMTEST_selac_UNREST_quadrature",,,,,,,,,,,,,,,,,,,,
"deSolve/R/rk.R#75#""$"".ecoliFASTHMMTEST_selac_UNREST_quadrature",,,,,,,,,,,,,,,,,,,,
"""selectChildren"".ecoliFASTHMMTEST_selac_UNREST_quadrature",0.0625,,,,3.675,,,,0.1,,,,5.88,,,,18.35,,,
"GrahamDB-selac-ca13013/R/selac.R#1425#""FastCreateEvolveAACodonFixationProbabilityMatrix"".ecoliFASTHMMTEST_selac_UNREST_quadrature",,,,,,,,,,,,,,,,,,,,
"GrahamDB-selac-ca13013/R/selac.R#750#""<GC>"".ecoliFASTHMMTEST_selac_UNREST_quadrature",,,,,,,,,,,,,,,,,,,,
"""$"".ecoliFASTHMMTEST_selac_UNREST_quadrature",0.05,,,,2.94,,,,0.05,,,,2.94,,,,22.05,,,
"GrahamDB-selac-ca13013/R/selac.R#892#""FastCreateOptAATransitionMatrices"".ecoliFASTHMMTEST_selac_UNREST_quadrature",0.05,,,,2.94,,,,0.05,,,,2.94,,,,34.2,,,
"""all"".ecoliFASTHMMTEST_selac_UNREST_quadrature",0.05,,,,2.94,,,,0.05,,,,2.94,,,,69.8,,,
"GrahamDB-selac-ca13013/R/selac.R#1386#""<GC>"".ecoliFASTHMMTEST_selac_UNREST_quadrature",0.05,,,,2.94,,,,0.05,,,,2.94,,,,0,,,
"GrahamDB-selac-ca13013/R/selac.R#712#""<GC>"".ecoliFASTHMMTEST_selac_UNREST_quadrature",,,,,,,,,,,,,,,,,,,,
"GrahamDB-selac-ca13013/R/selac.R#1156#""rowSums"".ecoliFASTHMMTEST_selac_UNREST_quadrature",0.05,,,,2.94,,,,0.05,,,,2.94,,,,40.6,,,
"GrahamDB-selac-ca13013/R/selac.R#881#""diag"".ecoliFASTHMMTEST_selac_UNREST_quadrature",0.05,,,,2.94,,,,0.05,,,,2.94,,,,17.7,,,
"""readChild"".ecoliFASTHMMTEST_selac_UNREST_quadrature",,,,,,,,,,,,,,,,,,,,
"""vapply"".ecoliFASTHMMTEST_selac_UNREST_quadrature",0.05,,,,2.94,,,,0.05,,,,2.94,,,,9.5,,,
"GrahamDB-selac-e94b31e/R/selac.R#1444#""GetLikelihoodSAC_CodonForManyCharVaryingBySiteEvolvingAA"".ecoliFASTHMMTEST_selac_UNREST_lognormal",0.075,,,0.5,4.325,,,0.25,0.75,,,198.5,43.49,,,100,328.55,,,3091.6
"""lapply"".ecoliFASTHMMTEST_selac_UNREST_lognormal",0.05,,,0.5,2.94,,,0.31,0.05,,,160,2.94,,,99.07,27.6,,,2640.6
"<expr>#760#""lSAC.c4mc.full"".ecoliFASTHMMTEST_selac_UNREST_lognormal",,,,,,,,,,,,,,,,,,,,
"""FUN"".ecoliFASTHMMTEST_selac_UNREST_lognormal",,,,0.5,,,,0.3,,,,188,,,,99.39,,,,2796.15
"GrahamDB-selac-ca13013/R/selac.R#1111#""TreeTraversalODE"".ecoliFASTHMMTEST_selac_UNREST_lognormal",,,,0.5,,,,0.385,,,,133.5,,,,99.1433333333333,,,,2356.5
"GrahamDB-selac-ca13013/R/selac.R#3468#""ode"".ecoliFASTHMMTEST_selac_UNREST_lognormal",,,,,,,,,,,,,,,,,,,,
"deSolve/R/ode.R#22#""rk"".ecoliFASTHMMTEST_selac_UNREST_lognormal",,,,0.666666666666667,,,,0.546666666666667,,,,109.166666666667,,,,89.6833333333333,,,,2054.26666666667
"deSolve/R/rk.R#210#"".Call"".ecoliFASTHMMTEST_selac_UNREST_lognormal",,,,105.333333333333,,,,80.9286666666667,,,,105.5,,,,81.0653333333333,,,,2012.48333333333
"<expr>#1042#""lSAC.c4mc.full"".ecoliFASTHMMTEST_selac_UNREST_lognormal",,,,,,,,,,,,,,,,,,,,
"""tryCatchList"".ecoliFASTHMMTEST_selac_UNREST_lognormal",,,,,,,,,,,,,,,,,,,,
"""doTryCatch"".ecoliFASTHMMTEST_selac_UNREST_lognormal",,,,,,,,,,,,,,,,,,,,
"deSolve/R/lsoda.R#230#"".Call"".ecoliFASTHMMTEST_selac_UNREST_lognormal",,,,33.5925925925926,,,,18.4996296296296,,,,33.6296296296296,,,,18.5292592592593,,,,369.692592592593
"deSolve/R/functions.R#292#""as.character"".ecoliFASTHMMTEST_selac_UNREST_lognormal",,,,0.886363636363636,,,,0.683636363636364,,,,0.886363636363636,,,,0.683636363636364,,,,18.0045454545455
"<expr>#986#""lSAC.c4mc.full"".ecoliFASTHMMTEST_selac_UNREST_lognormal",0.0583333333333333,,,,3.40166666666667,,,,1.70833333333333,,,,100,,,,606.116666666667,,,
"GrahamDB-selac-ade1e58/R/selac.R#1188#""mclapply"".ecoliFASTHMMTEST_selac_UNREST_lognormal",,,,,,,,,,,,,,,,,,,,
"GrahamDB-selac-ca13013/R/selac.R#805#""GetProteinProteinDistance"".ecoliFASTHMMTEST_selac_UNREST_lognormal",0.15,,,0.5,8.695,,,0.31,0.4,,,0.5,23.195,,,0.31,115.65,,,32.9
"""<GC>"".ecoliFASTHMMTEST_selac_UNREST_lognormal",0.133333333333333,,0.5,0.666666666666667,7.81166666666667,,33.33,0.576666666666667,0.133333333333333,,0.5,0.666666666666667,7.81166666666667,,33.33,0.576666666666667,69.55,,0.6,14.5583333333333
"GrahamDB-selac-ca13013/R/selac.R#891#""FastCreateAllCodonFixationProbabilityMatrices"".ecoliFASTHMMTEST_selac_UNREST_lognormal",0.125,,,0.5,7.32166666666667,,,0.463333333333333,0.633333333333333,,,0.833333333333333,37.09,,,0.75,184.733333333333,,,14.1666666666667
"GrahamDB-selac-ca13013/R/selac.R#1415#""FastCreateEvolveAACodonFixationProbabilityMatrix"".ecoliFASTHMMTEST_selac_UNREST_lognormal",0.05,,,,2.94,,,,0.8,,,,47.06,,,,288.8,,,
"GrahamDB-selac-ca13013/R/selac.R#905#""<GC>"".ecoliFASTHMMTEST_selac_UNREST_lognormal",0.05,,,0.5,2.94,,,0.27,0.05,,,0.5,2.94,,,0.27,47.4,,,5.1
"GrahamDB-selac-ca13013/R/selac.R#805#""GetPairwiseProteinFixationProbabilitySingleSite"".ecoliFASTHMMTEST_selac_UNREST_lognormal",0.09,,0.5,0.5,5.258,,33.33,0.4,0.48,,0.5,0.5,28.066,,33.33,0.4,156.1,,11.85,3.5
"""mcfork"".ecoliFASTHMMTEST_selac_UNREST_lognormal",0.183333333333333,,0.5,,10.725,,33.33,,0.183333333333333,,0.5,,10.725,,33.33,,103.666666666667,,42.55,
"GrahamDB-selac-ca13013/R/selac.R#750#""site_d"".ecoliFASTHMMTEST_selac_UNREST_lognormal",0.208333333333333,,0.5,0.5,12.2133333333333,,33.33,0.45,0.283333333333333,,0.5,0.5,16.5966666666667,,33.33,0.45,88.2833333333333,,8.9,18.425
"GrahamDB-selac-ca13013/R/selac.R#1161#""<GC>"".ecoliFASTHMMTEST_selac_UNREST_lognormal",0.266666666666667,,0.5,0.566666666666667,15.6183333333333,,33.33,0.448,0.266666666666667,,0.5,0.566666666666667,15.6183333333333,,33.33,0.448,81.1333333333333,,0,2.19333333333333
"GrahamDB-selac-ca13013/R/selac.R#825#""CreateAAFixationMatrixForEverything"".ecoliFASTHMMTEST_selac_UNREST_lognormal",0.05,,0.5,0.5,2.94,,33.33,0.485,0.5,,0.5,0.5,29.41,,33.33,0.485,147.6,,91.6,14.35
"GrahamDB-selac-ca13013/R/selac.R#1155#""<GC>"".ecoliFASTHMMTEST_selac_UNREST_lognormal",0.0583333333333333,,,0.5,3.41666666666667,,,0.4,0.0583333333333333,,,0.5,3.41666666666667,,,0.4,14.0166666666667,,,13.7
"GrahamDB-selac-ca13013/R/selac.R#1166#""diag<-"".ecoliFASTHMMTEST_selac_UNREST_lognormal",,,,,,,,,,,,,,,,,,,,
"""unlist"".ecoliFASTHMMTEST_selac_UNREST_lognormal",0.05,,,,2.86,,,,0.05,,,,2.86,,,,0.6,,,
"GrahamDB-selac-ca13013/R/selac.R#904#""rownames<-"".ecoliFASTHMMTEST_selac_UNREST_lognormal",0.05,,,,2.94,,,,0.1,,,,5.88,,,,66,,,
"GrahamDB-selac-ca13013/R/selac.R#905#""colnames<-"".ecoliFASTHMMTEST_selac_UNREST_lognormal",0.05,,,0.5,2.94,,,0.42,0.05,,,0.5,2.94,,,0.42,55.1,,,15.425
"GrahamDB-selac-ca13013/R/selac.R#1165#""diag<-"".ecoliFASTHMMTEST_selac_UNREST_lognormal",0.0666666666666667,,,,3.89333333333333,,,,0.0666666666666667,,,,3.89333333333333,,,,27.6,,,
"GrahamDB-selac-ca13013/R/selac.R#1166#""rowSums"".ecoliFASTHMMTEST_selac_UNREST_lognormal",0.0666666666666667,,,,3.92,,,,0.0666666666666667,,,,3.92,,,,9.2,,,
"GrahamDB-selac-ca13013/R/selac.R#736#""<GC>"".ecoliFASTHMMTEST_selac_UNREST_lognormal",0.0833333333333333,,,,4.84333333333333,,,,0.0833333333333333,,,,4.84333333333333,,,,35.7666666666667,,,
"GrahamDB-selac-ca13013/R/selac.R#729#""length"".ecoliFASTHMMTEST_selac_UNREST_lognormal",0.05,,,,2.94,,,,0.05,,,,2.94,,,,7.3,,,
"GrahamDB-selac-ca13013/R/selac.R#878#""matrix"".ecoliFASTHMMTEST_selac_UNREST_lognormal",0.0833333333333333,,,0.5,4.87333333333333,,,0.19,0.0833333333333333,,,0.5,4.87333333333333,,,0.19,45.0333333333333,,,25
"""t.default"".ecoliFASTHMMTEST_selac_UNREST_lognormal",,,,0.5,,,,0.355,,,,0.5,,,,0.355,,,,0
"GrahamDB-selac-ca13013/R/selac.R#1156#""<GC>"".ecoliFASTHMMTEST_selac_UNREST_lognormal",,,,0.5,,,,0.4,,,,0.5,,,,0.4,,,,0
"GrahamDB-selac-ca13013/R/selac.R#1166#""<GC>"".ecoliFASTHMMTEST_selac_UNREST_lognormal",0.05,,,0.5,2.94,,,0.41,0.05,,,0.5,2.94,,,0.41,27.6,,,2.7
"GrahamDB-selac-ca13013/R/selac.R#736#""is.na"".ecoliFASTHMMTEST_selac_UNREST_lognormal",0.075,,0.5,,4.41,,33.33,,0.075,,0.5,,4.41,,33.33,,23.7,,16.3,
"""match.fun"".ecoliFASTHMMTEST_selac_UNREST_lognormal",,,,,,,,,,,,,,,,,,,,
"""processID"".ecoliFASTHMMTEST_selac_UNREST_lognormal",,,,,,,,,,,,,,,,,,,,
"""delayedAssign"".ecoliFASTHMMTEST_selac_UNREST_lognormal",,,,,,,,,,,,,,,,,,,,
"deSolve/R/rk.R#75#""$"".ecoliFASTHMMTEST_selac_UNREST_lognormal",,,,,,,,,,,,,,,,,,,,
"""selectChildren"".ecoliFASTHMMTEST_selac_UNREST_lognormal",0.075,,,,4.41,,,,0.0875,,,,5.145,,,,9.95,,,
"GrahamDB-selac-ca13013/R/selac.R#1425#""FastCreateEvolveAACodonFixationProbabilityMatrix"".ecoliFASTHMMTEST_selac_UNREST_lognormal",,,,,,,,,,,,,,,,,,,,
"GrahamDB-selac-ca13013/R/selac.R#750#""<GC>"".ecoliFASTHMMTEST_selac_UNREST_lognormal",,,,,,,,,,,,,,,,,,,,
"""$"".ecoliFASTHMMTEST_selac_UNREST_lognormal",,,,,,,,,,,,,,,,,,,,
"GrahamDB-selac-ca13013/R/selac.R#892#""FastCreateOptAATransitionMatrices"".ecoliFASTHMMTEST_selac_UNREST_lognormal",,,,,,,,,,,,,,,,,,,,
"""all"".ecoliFASTHMMTEST_selac_UNREST_lognormal",0.05,,,,2.94,,,,0.05,,,,2.94,,,,8.4,,,
"GrahamDB-selac-ca13013/R/selac.R#1386#""<GC>"".ecoliFASTHMMTEST_selac_UNREST_lognormal",0.05,,,,2.92666666666667,,,,0.05,,,,2.92666666666667,,,,0,,,
"GrahamDB-selac-ca13013/R/selac.R#712#""<GC>"".ecoliFASTHMMTEST_selac_UNREST_lognormal",0.05,,,,2.94,,,,0.05,,,,2.94,,,,43.3,,,
"GrahamDB-selac-ca13013/R/selac.R#1156#""rowSums"".ecoliFASTHMMTEST_selac_UNREST_lognormal",0.05,,,,2.94,,,,0.05,,,,2.94,,,,40.6,,,
"GrahamDB-selac-ca13013/R/selac.R#881#""diag"".ecoliFASTHMMTEST_selac_UNREST_lognormal",,,,,,,,,,,,,,,,,,,,
"""readChild"".ecoliFASTHMMTEST_selac_UNREST_lognormal",0.05,,,,2.86,,,,0.05,,,,2.86,,,,8,,,
"""vapply"".ecoliFASTHMMTEST_selac_UNREST_lognormal",,,,,,,,,,,,,,,,,,,,
"GrahamDB-selac-e94b31e/R/selac.R#1444#""GetLikelihoodSAC_CodonForManyCharVaryingBySiteEvolvingAA"".ecoliHMMEVAL50_selac_UNREST_none",,,,,,,,,,,,,,,,,,,,
"""lapply"".ecoliHMMEVAL50_selac_UNREST_none",,,0.075,0.075,,,8.66,0.01,,,0.075,742.110714285714,,,8.66,99.92,,,2.1,2851.17857142857
"<expr>#760#""lSAC.c4mc.full"".ecoliHMMEVAL50_selac_UNREST_none",,,0.05,0.05,,,5.72,0.01,,,0.875,748.9025,,,100,100,,,205.45,3038.95
"""FUN"".ecoliHMMEVAL50_selac_UNREST_none",,,,0.0791666666666667,,,,0.01125,,,,736.0625,,,,99.9191666666667,,,,2786.78333333333
"GrahamDB-selac-ca13013/R/selac.R#1111#""TreeTraversalODE"".ecoliHMMEVAL50_selac_UNREST_none",,,,0.198275862068966,,,,0.0275862068965517,,,,739.079310344828,,,,99.9186206896552,,,,2800.22068965517
"GrahamDB-selac-ca13013/R/selac.R#3468#""ode"".ecoliHMMEVAL50_selac_UNREST_none",,,,0.065625,,,,0.01,,,,752.04375,,,,99.87625,,,,2821.86875
"deSolve/R/ode.R#22#""rk"".ecoliHMMEVAL50_selac_UNREST_none",,,,0.153333333333333,,,,0.0203333333333333,,,,737.188333333333,,,,99.8246666666667,,,,2787.34666666667
"deSolve/R/rk.R#210#"".Call"".ecoliHMMEVAL50_selac_UNREST_none",,,,734.88,,,,99.511,,,,734.985,,,,99.525,,,,2734.87
"<expr>#1042#""lSAC.c4mc.full"".ecoliHMMEVAL50_selac_UNREST_none",,,0.05,,,,5.77333333333333,,,,0.866666666666667,,,,100,,,,177.066666666667,
"""tryCatchList"".ecoliHMMEVAL50_selac_UNREST_none",,,,,,,,,,,,,,,,,,,,
"""doTryCatch"".ecoliHMMEVAL50_selac_UNREST_none",,,,0.05,,,,0.01,,,,733.55,,,,100,,,,3006.46666666667
"deSolve/R/lsoda.R#230#"".Call"".ecoliHMMEVAL50_selac_UNREST_none",,,,1.875,,,,0.255,,,,1.8875,,,,0.2575,,,,21.5
"deSolve/R/functions.R#292#""as.character"".ecoliHMMEVAL50_selac_UNREST_none",,,,0.781666666666667,,,,0.106,,,,0.781666666666667,,,,0.106,,,,2.02666666666667
"<expr>#986#""lSAC.c4mc.full"".ecoliHMMEVAL50_selac_UNREST_none",,,,,,,,,,,,,,,,,,,,
"GrahamDB-selac-ade1e58/R/selac.R#1188#""mclapply"".ecoliHMMEVAL50_selac_UNREST_none",,,0.05,,,,5.77333333333333,,,,0.266666666666667,,,,30.7166666666667,,,,8.4,
"GrahamDB-selac-ca13013/R/selac.R#805#""GetProteinProteinDistance"".ecoliHMMEVAL50_selac_UNREST_none",,,0.05,0.05,,,5.56,0.01,,,0.05,0.0875,,,5.56,0.01125,,,0,24.4
"""<GC>"".ecoliHMMEVAL50_selac_UNREST_none",,,0.191666666666667,0.32,,,21.95,0.043,,,0.191666666666667,0.32,,,21.95,0.043,,,91.05,92.3466666666667
"GrahamDB-selac-ca13013/R/selac.R#891#""FastCreateAllCodonFixationProbabilityMatrices"".ecoliHMMEVAL50_selac_UNREST_none",,,0.05,0.05,,,5.72,0.01,,,0.15,0.15,,,17.16,0.02,,,45.5833333333333,38.7206896551724
"GrahamDB-selac-ca13013/R/selac.R#1415#""FastCreateEvolveAACodonFixationProbabilityMatrix"".ecoliHMMEVAL50_selac_UNREST_none",,,,,,,,,,,,,,,,,,,,
"GrahamDB-selac-ca13013/R/selac.R#905#""<GC>"".ecoliHMMEVAL50_selac_UNREST_none",,,,,,,,,,,,,,,,,,,,
"GrahamDB-selac-ca13013/R/selac.R#805#""GetPairwiseProteinFixationProbabilitySingleSite"".ecoliHMMEVAL50_selac_UNREST_none",,,0.05,0.05,,,5.66666666666667,0.01,,,0.1,0.1,,,11.3266666666667,0.0116666666666667,,,34.5666666666667,23.4666666666667
"""mcfork"".ecoliHMMEVAL50_selac_UNREST_none",,,0.175,,,,19.935,,,,0.175,,,,19.935,,,,5.61666666666667,
"GrahamDB-selac-ca13013/R/selac.R#750#""site_d"".ecoliHMMEVAL50_selac_UNREST_none",,,0.05,0.0523809523809524,,,5.72,0.01,,,0.075,0.0857142857142857,,,8.5775,0.01,,,35.2,31.952380952381
"GrahamDB-selac-ca13013/R/selac.R#1161#""<GC>"".ecoliHMMEVAL50_selac_UNREST_none",,,0.05,0.05,,,5.72,0.01,,,0.05,0.05,,,5.72,0.01,,,20.65,33.04
"GrahamDB-selac-ca13013/R/selac.R#825#""CreateAAFixationMatrixForEverything"".ecoliHMMEVAL50_selac_UNREST_none",,,0.05,0.05,,,5.88,0.01,,,0.1,0.1,,,11.76,0.01,,,46.5,23.1
"GrahamDB-selac-ca13013/R/selac.R#1155#""<GC>"".ecoliHMMEVAL50_selac_UNREST_none",,,0.05,0.07,,,5.72,0.0103333333333333,,,0.05,0.07,,,5.72,0.0103333333333333,,,0.2,10.8566666666667
"GrahamDB-selac-ca13013/R/selac.R#1166#""diag<-"".ecoliHMMEVAL50_selac_UNREST_none",,,,0.05,,,,0.01,,,,0.05,,,,0.01,,,,13.8
"""unlist"".ecoliHMMEVAL50_selac_UNREST_none",,,0.05,0.05,,,5.72,0.01,,,0.15,0.1,,,17.16,0.01,,,17.35,0.1
"GrahamDB-selac-ca13013/R/selac.R#904#""rownames<-"".ecoliHMMEVAL50_selac_UNREST_none",,,,,,,,,,,,,,,,,,,,
"GrahamDB-selac-ca13013/R/selac.R#905#""colnames<-"".ecoliHMMEVAL50_selac_UNREST_none",,,,0.05,,,,0.01,,,,0.05,,,,0.01,,,,26.7
"GrahamDB-selac-ca13013/R/selac.R#1165#""diag<-"".ecoliHMMEVAL50_selac_UNREST_none",,,,,,,,,,,,,,,,,,,,
"GrahamDB-selac-ca13013/R/selac.R#1166#""rowSums"".ecoliHMMEVAL50_selac_UNREST_none",,,,0.05,,,,0.01,,,,0.05,,,,0.01,,,,27.6
"GrahamDB-selac-ca13013/R/selac.R#736#""<GC>"".ecoliHMMEVAL50_selac_UNREST_none",,,0.05,0.05,,,5.77333333333333,0.01,,,0.05,0.05,,,5.77333333333333,0.01,,,46.9,47.0923076923077
"GrahamDB-selac-ca13013/R/selac.R#729#""length"".ecoliHMMEVAL50_selac_UNREST_none",,,,,,,,,,,,,,,,,,,,
"GrahamDB-selac-ca13013/R/selac.R#878#""matrix"".ecoliHMMEVAL50_selac_UNREST_none",,,,,,,,,,,,,,,,,,,,
"""t.default"".ecoliHMMEVAL50_selac_UNREST_none",,,,0.05,,,,0.01,,,,0.05,,,,0.01,,,,34.8
"GrahamDB-selac-ca13013/R/selac.R#1156#""<GC>"".ecoliHMMEVAL50_selac_UNREST_none",,,,,,,,,,,,,,,,,,,,
"GrahamDB-selac-ca13013/R/selac.R#1166#""<GC>"".ecoliHMMEVAL50_selac_UNREST_none",,,0.05,0.05,,,5.88,0.01,,,0.05,0.05,,,5.88,0.01,,,27.6,27.6
"GrahamDB-selac-ca13013/R/selac.R#736#""is.na"".ecoliHMMEVAL50_selac_UNREST_none",,,,0.05,,,,0.01,,,,0.05,,,,0.01,,,,23.3
"""match.fun"".ecoliHMMEVAL50_selac_UNREST_none",,,0.05,0.05,,,5.56,0.01,,,0.05,0.065,,,5.56,0.011,,,1.4,0.38
"""processID"".ecoliHMMEVAL50_selac_UNREST_none",,,,,,,,,,,,,,,,,,,,
"""delayedAssign"".ecoliHMMEVAL50_selac_UNREST_none",,,,0.05,,,,0.01,,,,0.05,,,,0.01,,,,0
"deSolve/R/rk.R#75#""$"".ecoliHMMEVAL50_selac_UNREST_none",,,,0.05,,,,0.01,,,,0.05,,,,0.01,,,,0.3
"""selectChildren"".ecoliHMMEVAL50_selac_UNREST_none",,,0.05,,,,5.88,,,,0.05,,,,5.88,,,,1.55,
"GrahamDB-selac-ca13013/R/selac.R#1425#""FastCreateEvolveAACodonFixationProbabilityMatrix"".ecoliHMMEVAL50_selac_UNREST_none",,,,,,,,,,,,,,,,,,,,
"GrahamDB-selac-ca13013/R/selac.R#750#""<GC>"".ecoliHMMEVAL50_selac_UNREST_none",,,,,,,,,,,,,,,,,,,,
"""$"".ecoliHMMEVAL50_selac_UNREST_none",,,0.05,0.0636363636363636,,,5.72,0.01,,,0.05,0.0636363636363636,,,5.72,0.01,,,9.2,13.3272727272727
"GrahamDB-selac-ca13013/R/selac.R#892#""FastCreateOptAATransitionMatrices"".ecoliHMMEVAL50_selac_UNREST_none",,,,,,,,,,,,,,,,,,,,
"""all"".ecoliHMMEVAL50_selac_UNREST_none",,,0.05,0.05,,,5.56,0.01,,,0.05,0.05,,,5.56,0.01,,,1.7,0.8
"GrahamDB-selac-ca13013/R/selac.R#1386#""<GC>"".ecoliHMMEVAL50_selac_UNREST_none",,,0.05,0.05,,,5.72,0.01,,,0.05,0.05,,,5.72,0.01,,,0,0
"GrahamDB-selac-ca13013/R/selac.R#712#""<GC>"".ecoliHMMEVAL50_selac_UNREST_none",,,,,,,,,,,,,,,,,,,,
"GrahamDB-selac-ca13013/R/selac.R#1156#""rowSums"".ecoliHMMEVAL50_selac_UNREST_none",,,,,,,,,,,,,,,,,,,,
"GrahamDB-selac-ca13013/R/selac.R#881#""diag"".ecoliHMMEVAL50_selac_UNREST_none",,,,,,,,,,,,,,,,,,,,
"""readChild"".ecoliHMMEVAL50_selac_UNREST_none",,,,,,,,,,,,,,,,,,,,
"""vapply"".ecoliHMMEVAL50_selac_UNREST_none",,,,,,,,,,,,,,,,,,,,
"GrahamDB-selac-e94b31e/R/selac.R#1444#""GetLikelihoodSAC_CodonForManyCharVaryingBySiteEvolvingAA"".ecoliHMMEVAL50_selac_UNREST_median",,,,0.05,,,,0,,,,3059.49285714286,,,,99.97,,,,11445.3857142857
"""lapply"".ecoliHMMEVAL50_selac_UNREST_median",,,0.1,0.122222222222222,,,3.64,0.00333333333333333,,,0.35,3042.49444444444,,,12.73,99.9555555555555,,,17.9,11290.5111111111
"<expr>#760#""lSAC.c4mc.full"".ecoliHMMEVAL50_selac_UNREST_median",,,,0.05,,,,0,,,,3033.48,,,,100,,,,11684.8
"""FUN"".ecoliHMMEVAL50_selac_UNREST_median",,,0.05,0.27,,,1.82,0.008,,,0.2,3032.145,,,7.27,99.955,,,13.7,11258.57
"GrahamDB-selac-ca13013/R/selac.R#1111#""TreeTraversalODE"".ecoliHMMEVAL50_selac_UNREST_median",,,,0.675,,,,0.022,,,,3032.085,,,,99.953,,,,11253.62
"GrahamDB-selac-ca13013/R/selac.R#3468#""ode"".ecoliHMMEVAL50_selac_UNREST_median",,,,0.215,,,,0.007,,,,3030.895,,,,99.916,,,,11248.21
"deSolve/R/ode.R#22#""rk"".ecoliHMMEVAL50_selac_UNREST_median",,,,0.635,,,,0.02,,,,3020.27,,,,99.558,,,,11143.11
"deSolve/R/rk.R#210#"".Call"".ecoliHMMEVAL50_selac_UNREST_median",,,,3011.465,,,,99.268,,,,3011.855,,,,99.281,,,,11059.12
"<expr>#1042#""lSAC.c4mc.full"".ecoliHMMEVAL50_selac_UNREST_median",,,0.05,,,,1.82,,,,2.75,,,,100,,,,579.9,
"""tryCatchList"".ecoliHMMEVAL50_selac_UNREST_median",,,,,,,,,,,,,,,,,,,,
"""doTryCatch"".ecoliHMMEVAL50_selac_UNREST_median",,,,,,,,,,,,,,,,,,,,
"deSolve/R/lsoda.R#230#"".Call"".ecoliHMMEVAL50_selac_UNREST_median",,,,11.2277777777778,,,,0.377777777777778,,,,11.2444444444444,,,,0.378888888888889,,,,85.8555555555556
"deSolve/R/functions.R#292#""as.character"".ecoliHMMEVAL50_selac_UNREST_median",,,,3.215,,,,0.105,,,,3.225,,,,0.106,,,,8.43
"<expr>#986#""lSAC.c4mc.full"".ecoliHMMEVAL50_selac_UNREST_median",,,,,,,,,,,,,,,,,,,,
"GrahamDB-selac-ade1e58/R/selac.R#1188#""mclapply"".ecoliHMMEVAL50_selac_UNREST_median",,,0.05,,,,1.82,,,,1.2,,,,43.64,,,,171.4,
"GrahamDB-selac-ca13013/R/selac.R#805#""GetProteinProteinDistance"".ecoliHMMEVAL50_selac_UNREST_median",,,0.1,0.0857142857142857,,,3.64,0.00142857142857143,,,0.3,0.292857142857143,,,10.91,0.01,,,94.9,90.5285714285714
"""<GC>"".ecoliHMMEVAL50_selac_UNREST_median",,,0.45,0.79,,,16.36,0.025,,,0.45,0.79,,,16.36,0.025,,,131.1,152.75
"GrahamDB-selac-ca13013/R/selac.R#891#""FastCreateAllCodonFixationProbabilityMatrices"".ecoliHMMEVAL50_selac_UNREST_median",,,0.1,0.11,,,3.64,0.001,,,0.55,0.52,,,20,0.02,,,130.6,133.42
"GrahamDB-selac-ca13013/R/selac.R#1415#""FastCreateEvolveAACodonFixationProbabilityMatrix"".ecoliHMMEVAL50_selac_UNREST_median",,,,0.06,,,,0,,,,0.73,,,,0.02,,,,275.94
"GrahamDB-selac-ca13013/R/selac.R#905#""<GC>"".ecoliHMMEVAL50_selac_UNREST_median",,,0.1,0.05,,,3.64,0,,,0.1,0.05,,,3.64,0,,,42,63.8
"GrahamDB-selac-ca13013/R/selac.R#805#""GetPairwiseProteinFixationProbabilitySingleSite"".ecoliHMMEVAL50_selac_UNREST_median",,,0.05,0.10625,,,1.82,0.00125,,,0.35,0.36875,,,12.73,0.01125,,,94.9,113.4375
"""mcfork"".ecoliHMMEVAL50_selac_UNREST_median",,,0.7,,,,25.45,,,,0.7,,,,25.45,,,,102.4,
"GrahamDB-selac-ca13013/R/selac.R#750#""site_d"".ecoliHMMEVAL50_selac_UNREST_median",,,0.15,0.175,,,5.45,0.006,,,0.2,0.19,,,7.27,0.007,,,33.5,52.13
"GrahamDB-selac-ca13013/R/selac.R#1161#""<GC>"".ecoliHMMEVAL50_selac_UNREST_median",,,0.05,0.07,,,1.82,0.001,,,0.05,0.07,,,1.82,0.001,,,0,16.17
"GrahamDB-selac-ca13013/R/selac.R#825#""CreateAAFixationMatrixForEverything"".ecoliHMMEVAL50_selac_UNREST_median",,,0.05,0.0833333333333333,,,1.82,0,,,0.4,0.4,,,14.55,0.01,,,100.1,114.7
"GrahamDB-selac-ca13013/R/selac.R#1155#""<GC>"".ecoliHMMEVAL50_selac_UNREST_median",,,0.05,0.13,,,1.82,0.005,,,0.05,0.13,,,1.82,0.005,,,0.3,45.99
"GrahamDB-selac-ca13013/R/selac.R#1166#""diag<-"".ecoliHMMEVAL50_selac_UNREST_median",,,,0.05,,,,0,,,,0.1,,,,0,,,,27.6
"""unlist"".ecoliHMMEVAL50_selac_UNREST_median",,,,0.075,,,,0,,,,0.125,,,,0.005,,,,0.7
"GrahamDB-selac-ca13013/R/selac.R#904#""rownames<-"".ecoliHMMEVAL50_selac_UNREST_median",,,,0.05,,,,0,,,,0.1,,,,0,,,,76.45
"GrahamDB-selac-ca13013/R/selac.R#905#""colnames<-"".ecoliHMMEVAL50_selac_UNREST_median",,,,0.05,,,,0,,,,0.05,,,,0,,,,34.9
"GrahamDB-selac-ca13013/R/selac.R#1165#""diag<-"".ecoliHMMEVAL50_selac_UNREST_median",,,0.05,,,,1.82,,,,0.15,,,,5.45,,,,0,
"GrahamDB-selac-ca13013/R/selac.R#1166#""rowSums"".ecoliHMMEVAL50_selac_UNREST_median",,,,0.05,,,,0,,,,0.05,,,,0,,,,0
"GrahamDB-selac-ca13013/R/selac.R#736#""<GC>"".ecoliHMMEVAL50_selac_UNREST_median",,,,,,,,,,,,,,,,,,,,
"GrahamDB-selac-ca13013/R/selac.R#729#""length"".ecoliHMMEVAL50_selac_UNREST_median",,,,0.05,,,,0,,,,0.05,,,,0,,,,0.2
"GrahamDB-selac-ca13013/R/selac.R#878#""matrix"".ecoliHMMEVAL50_selac_UNREST_median",,,,0.05,,,,0,,,,0.05,,,,0,,,,47.9
"""t.default"".ecoliHMMEVAL50_selac_UNREST_median",,,,0.06,,,,0,,,,0.08,,,,0.002,,,,5.06
"GrahamDB-selac-ca13013/R/selac.R#1156#""<GC>"".ecoliHMMEVAL50_selac_UNREST_median",,,0.1,0.05,,,3.64,0,,,0.1,0.05,,,3.64,0,,,50.1,6.9
"GrahamDB-selac-ca13013/R/selac.R#1166#""<GC>"".ecoliHMMEVAL50_selac_UNREST_median",,,0.05,,,,1.82,,,,0.05,,,,1.82,,,,27.6,
"GrahamDB-selac-ca13013/R/selac.R#736#""is.na"".ecoliHMMEVAL50_selac_UNREST_median",,,0.05,0.05,,,1.82,0,,,0.05,0.05,,,1.82,0,,,7.1,13.4
"""match.fun"".ecoliHMMEVAL50_selac_UNREST_median",,,0.05,0.09375,,,1.82,0.00125,,,0.05,0.13125,,,1.82,0.0025,,,1.3,0.8625
"""processID"".ecoliHMMEVAL50_selac_UNREST_median",,,,,,,,,,,,,,,,,,,,
"""delayedAssign"".ecoliHMMEVAL50_selac_UNREST_median",,,,0.05,,,,0,,,,0.05,,,,0,,,,9.9
"deSolve/R/rk.R#75#""$"".ecoliHMMEVAL50_selac_UNREST_median",,,,0.0583333333333333,,,,0,,,,0.0583333333333333,,,,0,,,,0.566666666666667
"""selectChildren"".ecoliHMMEVAL50_selac_UNREST_median",,,0.05,,,,1.82,,,,0.35,,,,12.73,,,,9.5,
"GrahamDB-selac-ca13013/R/selac.R#1425#""FastCreateEvolveAACodonFixationProbabilityMatrix"".ecoliHMMEVAL50_selac_UNREST_median",,,,,,,,,,,,,,,,,,,,
"GrahamDB-selac-ca13013/R/selac.R#750#""<GC>"".ecoliHMMEVAL50_selac_UNREST_median",,,,,,,,,,,,,,,,,,,,
"""$"".ecoliHMMEVAL50_selac_UNREST_median",,,0.1,0.05,,,3.64,0,,,0.1,0.05,,,3.64,0,,,2.3,1.1
"GrahamDB-selac-ca13013/R/selac.R#892#""FastCreateOptAATransitionMatrices"".ecoliHMMEVAL50_selac_UNREST_median",,,,0.05,,,,0,,,,0.05,,,,0,,,,44.1
"""all"".ecoliHMMEVAL50_selac_UNREST_median",,,0.05,0.05,,,1.82,0,,,0.05,0.05,,,1.82,0,,,56.2,0.2
"GrahamDB-selac-ca13013/R/selac.R#1386#""<GC>"".ecoliHMMEVAL50_selac_UNREST_median",,,0.05,0.05,,,1.82,0,,,0.05,0.05,,,1.82,0,,,0,0
"GrahamDB-selac-ca13013/R/selac.R#712#""<GC>"".ecoliHMMEVAL50_selac_UNREST_median",,,,,,,,,,,,,,,,,,,,
"GrahamDB-selac-ca13013/R/selac.R#1156#""rowSums"".ecoliHMMEVAL50_selac_UNREST_median",,,,,,,,,,,,,,,,,,,,
"GrahamDB-selac-ca13013/R/selac.R#881#""diag"".ecoliHMMEVAL50_selac_UNREST_median",,,0.05,,,,1.82,,,,0.05,,,,1.82,,,,26.9,
"""readChild"".ecoliHMMEVAL50_selac_UNREST_median",,,0.05,,,,1.82,,,,0.05,,,,1.82,,,,1.7,
"""vapply"".ecoliHMMEVAL50_selac_UNREST_median",,,0.05,,,,1.82,,,,0.05,,,,1.82,,,,9.9,
"GrahamDB-selac-e94b31e/R/selac.R#1444#""GetLikelihoodSAC_CodonForManyCharVaryingBySiteEvolvingAA"".ecoliHMMEVAL50_selac_UNREST_quadrature",,,,0.1,,,,0,,,,2986.5,,,,99.97,,,,11823.9
"""lapply"".ecoliHMMEVAL50_selac_UNREST_quadrature",,,,0.075,,,,0,,,,2975.85,,,,99.9583333333333,,,,11297.6333333333
"<expr>#760#""lSAC.c4mc.full"".ecoliHMMEVAL50_selac_UNREST_quadrature",,,,,,,,,,,,,,,,,,,,
"""FUN"".ecoliHMMEVAL50_selac_UNREST_quadrature",,,,0.225,,,,0.005,,,,2975.83333333333,,,,99.9566666666667,,,,11290.1666666667
"GrahamDB-selac-ca13013/R/selac.R#1111#""TreeTraversalODE"".ecoliHMMEVAL50_selac_UNREST_quadrature",,,,0.683333333333333,,,,0.0233333333333333,,,,2975.78333333333,,,,99.955,,,,11284.8333333333
"GrahamDB-selac-ca13013/R/selac.R#3468#""ode"".ecoliHMMEVAL50_selac_UNREST_quadrature",,,,0.158333333333333,,,,0.00333333333333333,,,,2974.65,,,,99.9166666666667,,,,11279.1
"deSolve/R/ode.R#22#""rk"".ecoliHMMEVAL50_selac_UNREST_quadrature",,,,0.666666666666667,,,,0.0216666666666667,,,,2961.53333333333,,,,99.4716666666667,,,,11143.4
"deSolve/R/rk.R#210#"".Call"".ecoliHMMEVAL50_selac_UNREST_quadrature",,,,2953.35,,,,99.1983333333333,,,,2953.925,,,,99.2166666666667,,,,11068.0666666667
"<expr>#1042#""lSAC.c4mc.full"".ecoliHMMEVAL50_selac_UNREST_quadrature",,,,0.05,,,,0,,,,2875.31666666667,,,,100,,,,11295.9333333333
"""tryCatchList"".ecoliHMMEVAL50_selac_UNREST_quadrature",,,,0.05,,,,0,,,,2883.8,,,,100,,,,12294.8
"""doTryCatch"".ecoliHMMEVAL50_selac_UNREST_quadrature",,,,,,,,,,,,,,,,,,,,
"deSolve/R/lsoda.R#230#"".Call"".ecoliHMMEVAL50_selac_UNREST_quadrature",,,,15.12,,,,0.514,,,,15.12,,,,0.514,,,,128.64
"deSolve/R/functions.R#292#""as.character"".ecoliHMMEVAL50_selac_UNREST_quadrature",,,,2.91666666666667,,,,0.0966666666666667,,,,2.925,,,,0.0966666666666667,,,,6.05
"<expr>#986#""lSAC.c4mc.full"".ecoliHMMEVAL50_selac_UNREST_quadrature",,,,,,,,,,,,,,,,,,,,
"GrahamDB-selac-ade1e58/R/selac.R#1188#""mclapply"".ecoliHMMEVAL50_selac_UNREST_quadrature",,,,,,,,,,,,,,,,,,,,
"GrahamDB-selac-ca13013/R/selac.R#805#""GetProteinProteinDistance"".ecoliHMMEVAL50_selac_UNREST_quadrature",,,,0.05,,,,0,,,,0.225,,,,0.0075,,,,38.575
"""<GC>"".ecoliHMMEVAL50_selac_UNREST_quadrature",,,,0.858333333333333,,,,0.03,,,,0.858333333333333,,,,0.03,,,,153.1
"GrahamDB-selac-ca13013/R/selac.R#891#""FastCreateAllCodonFixationProbabilityMatrices"".ecoliHMMEVAL50_selac_UNREST_quadrature",,,,0.11,,,,0.002,,,,0.52,,,,0.02,,,,130.08
"GrahamDB-selac-ca13013/R/selac.R#1415#""FastCreateEvolveAACodonFixationProbabilityMatrix"".ecoliHMMEVAL50_selac_UNREST_quadrature",,,,0.05,,,,0,,,,0.7,,,,0.02,,,,228.7
"GrahamDB-selac-ca13013/R/selac.R#905#""<GC>"".ecoliHMMEVAL50_selac_UNREST_quadrature",,,,0.05,,,,0,,,,0.05,,,,0,,,,21
"GrahamDB-selac-ca13013/R/selac.R#805#""GetPairwiseProteinFixationProbabilitySingleSite"".ecoliHMMEVAL50_selac_UNREST_quadrature",,,,0.12,,,,0.004,,,,0.32,,,,0.01,,,,66.24
"""mcfork"".ecoliHMMEVAL50_selac_UNREST_quadrature",,,,,,,,,,,,,,,,,,,,
"GrahamDB-selac-ca13013/R/selac.R#750#""site_d"".ecoliHMMEVAL50_selac_UNREST_quadrature",,,,0.15,,,,0.005,,,,0.175,,,,0.00666666666666667,,,,26.1
"GrahamDB-selac-ca13013/R/selac.R#1161#""<GC>"".ecoliHMMEVAL50_selac_UNREST_quadrature",,,,0.108333333333333,,,,0.00166666666666667,,,,0.108333333333333,,,,0.00166666666666667,,,,35.65
"GrahamDB-selac-ca13013/R/selac.R#825#""CreateAAFixationMatrixForEverything"".ecoliHMMEVAL50_selac_UNREST_quadrature",,,,0.075,,,,0,,,,0.4,,,,0.0125,,,,107.6
"GrahamDB-selac-ca13013/R/selac.R#1155#""<GC>"".ecoliHMMEVAL50_selac_UNREST_quadrature",,,,0.125,,,,0.00166666666666667,,,,0.125,,,,0.00166666666666667,,,,38.8666666666667
"GrahamDB-selac-ca13013/R/selac.R#1166#""diag<-"".ecoliHMMEVAL50_selac_UNREST_quadrature",,,,,,,,,,,,,,,,,,,,
"""unlist"".ecoliHMMEVAL50_selac_UNREST_quadrature",,,,0.05,,,,0,,,,0.225,,,,0.01,,,,42.35
"GrahamDB-selac-ca13013/R/selac.R#904#""rownames<-"".ecoliHMMEVAL50_selac_UNREST_quadrature",,,,,,,,,,,,,,,,,,,,
"GrahamDB-selac-ca13013/R/selac.R#905#""colnames<-"".ecoliHMMEVAL50_selac_UNREST_quadrature",,,,0.05,,,,0,,,,0.1,,,,0,,,,75.1
"GrahamDB-selac-ca13013/R/selac.R#1165#""diag<-"".ecoliHMMEVAL50_selac_UNREST_quadrature",,,,0.05,,,,0,,,,0.05,,,,0,,,,0
"GrahamDB-selac-ca13013/R/selac.R#1166#""rowSums"".ecoliHMMEVAL50_selac_UNREST_quadrature",,,,,,,,,,,,,,,,,,,,
"GrahamDB-selac-ca13013/R/selac.R#736#""<GC>"".ecoliHMMEVAL50_selac_UNREST_quadrature",,,,0.05,,,,0,,,,0.05,,,,0,,,,22.5
"GrahamDB-selac-ca13013/R/selac.R#729#""length"".ecoliHMMEVAL50_selac_UNREST_quadrature",,,,,,,,,,,,,,,,,,,,
"GrahamDB-selac-ca13013/R/selac.R#878#""matrix"".ecoliHMMEVAL50_selac_UNREST_quadrature",,,,,,,,,,,,,,,,,,,,
"""t.default"".ecoliHMMEVAL50_selac_UNREST_quadrature",,,,0.05,,,,0,,,,0.05,,,,0,,,,0
"GrahamDB-selac-ca13013/R/selac.R#1156#""<GC>"".ecoliHMMEVAL50_selac_UNREST_quadrature",,,,,,,,,,,,,,,,,,,,
"GrahamDB-selac-ca13013/R/selac.R#1166#""<GC>"".ecoliHMMEVAL50_selac_UNREST_quadrature",,,,,,,,,,,,,,,,,,,,
"GrahamDB-selac-ca13013/R/selac.R#736#""is.na"".ecoliHMMEVAL50_selac_UNREST_quadrature",,,,0.05,,,,0,,,,0.05,,,,0,,,,17.2
"""match.fun"".ecoliHMMEVAL50_selac_UNREST_quadrature",,,,0.11,,,,0.002,,,,0.14,,,,0.004,,,,0.72
"""processID"".ecoliHMMEVAL50_selac_UNREST_quadrature",,,,,,,,,,,,,,,,,,,,
"""delayedAssign"".ecoliHMMEVAL50_selac_UNREST_quadrature",,,,,,,,,,,,,,,,,,,,
"deSolve/R/rk.R#75#""$"".ecoliHMMEVAL50_selac_UNREST_quadrature",,,,0.075,,,,0,,,,0.075,,,,0,,,,0.45
"""selectChildren"".ecoliHMMEVAL50_selac_UNREST_quadrature",,,,,,,,,,,,,,,,,,,,
"GrahamDB-selac-ca13013/R/selac.R#1425#""FastCreateEvolveAACodonFixationProbabilityMatrix"".ecoliHMMEVAL50_selac_UNREST_quadrature",,,,,,,,,,,,,,,,,,,,
"GrahamDB-selac-ca13013/R/selac.R#750#""<GC>"".ecoliHMMEVAL50_selac_UNREST_quadrature",,,,,,,,,,,,,,,,,,,,
"""$"".ecoliHMMEVAL50_selac_UNREST_quadrature",,,,0.075,,,,0,,,,0.075,,,,0,,,,0
"GrahamDB-selac-ca13013/R/selac.R#892#""FastCreateOptAATransitionMatrices"".ecoliHMMEVAL50_selac_UNREST_quadrature",,,,0.0666666666666667,,,,0,,,,0.0666666666666667,,,,0,,,,42.5333333333333
"""all"".ecoliHMMEVAL50_selac_UNREST_quadrature",,,,,,,,,,,,,,,,,,,,
"GrahamDB-selac-ca13013/R/selac.R#1386#""<GC>"".ecoliHMMEVAL50_selac_UNREST_quadrature",,,,0.05,,,,0,,,,0.05,,,,0,,,,0
"GrahamDB-selac-ca13013/R/selac.R#712#""<GC>"".ecoliHMMEVAL50_selac_UNREST_quadrature",,,,,,,,,,,,,,,,,,,,
"GrahamDB-selac-ca13013/R/selac.R#1156#""rowSums"".ecoliHMMEVAL50_selac_UNREST_quadrature",,,,0.05,,,,0,,,,0.05,,,,0,,,,0
"GrahamDB-selac-ca13013/R/selac.R#881#""diag"".ecoliHMMEVAL50_selac_UNREST_quadrature",,,,0.05,,,,0,,,,0.05,,,,0,,,,44.3
"""readChild"".ecoliHMMEVAL50_selac_UNREST_quadrature",,,,,,,,,,,,,,,,,,,,
"""vapply"".ecoliHMMEVAL50_selac_UNREST_quadrature",,,,,,,,,,,,,,,,,,,,
"GrahamDB-selac-e94b31e/R/selac.R#1444#""GetLikelihoodSAC_CodonForManyCharVaryingBySiteEvolvingAA"".ecoliHMMEVAL50_selac_UNREST_lognormal",,,,0.0583333333333333,,,,0,,,,2964.65833333333,,,,99.9716666666667,,,,11449.7666666667
"""lapply"".ecoliHMMEVAL50_selac_UNREST_lognormal",,,,0.1,,,,0.002,,,,2933.88,,,,99.956,,,,11296.24
"<expr>#760#""lSAC.c4mc.full"".ecoliHMMEVAL50_selac_UNREST_lognormal",,,,,,,,,,,,,,,,,,,,
"""FUN"".ecoliHMMEVAL50_selac_UNREST_lognormal",,,,0.233333333333333,,,,0.00833333333333333,,,,2964.18333333333,,,,99.9566666666667,,,,11310.8666666667
"GrahamDB-selac-ca13013/R/selac.R#1111#""TreeTraversalODE"".ecoliHMMEVAL50_selac_UNREST_lognormal",,,,0.6,,,,0.02,,,,2964.13333333333,,,,99.955,,,,11305.5
"GrahamDB-selac-ca13013/R/selac.R#3468#""ode"".ecoliHMMEVAL50_selac_UNREST_lognormal",,,,0.141666666666667,,,,0.005,,,,2962.925,,,,99.9133333333333,,,,11299.4
"deSolve/R/ode.R#22#""rk"".ecoliHMMEVAL50_selac_UNREST_lognormal",,,,0.566666666666667,,,,0.0183333333333333,,,,2941.025,,,,99.1683333333333,,,,11089.7666666667
"deSolve/R/rk.R#210#"".Call"".ecoliHMMEVAL50_selac_UNREST_lognormal",,,,2933.03333333333,,,,98.8966666666667,,,,2933.425,,,,98.9116666666667,,,,11004.6333333333
"<expr>#1042#""lSAC.c4mc.full"".ecoliHMMEVAL50_selac_UNREST_lognormal",,,,0.05,,,,0,,,,2978.43,,,,100,,,,11764.06
"""tryCatchList"".ecoliHMMEVAL50_selac_UNREST_lognormal",,,,,,,,,,,,,,,,,,,,
"""doTryCatch"".ecoliHMMEVAL50_selac_UNREST_lognormal",,,,0.05,,,,0,,,,2855.875,,,,100,,,,10919.25
"deSolve/R/lsoda.R#230#"".Call"".ecoliHMMEVAL50_selac_UNREST_lognormal",,,,21.35,,,,0.726666666666667,,,,21.3583333333333,,,,0.726666666666667,,,,187.283333333333
"deSolve/R/functions.R#292#""as.character"".ecoliHMMEVAL50_selac_UNREST_lognormal",,,,2.875,,,,0.0966666666666667,,,,2.875,,,,0.0966666666666667,,,,6.88333333333333
"<expr>#986#""lSAC.c4mc.full"".ecoliHMMEVAL50_selac_UNREST_lognormal",,,,,,,,,,,,,,,,,,,,
"GrahamDB-selac-ade1e58/R/selac.R#1188#""mclapply"".ecoliHMMEVAL50_selac_UNREST_lognormal",,,,,,,,,,,,,,,,,,,,
"GrahamDB-selac-ca13013/R/selac.R#805#""GetProteinProteinDistance"".ecoliHMMEVAL50_selac_UNREST_lognormal",,,,0.05,,,,0,,,,0.2625,,,,0.01,,,,72.15
"""<GC>"".ecoliHMMEVAL50_selac_UNREST_lognormal",,,,0.683333333333333,,,,0.0233333333333333,,,,0.683333333333333,,,,0.0233333333333333,,,,125.95
"GrahamDB-selac-ca13013/R/selac.R#891#""FastCreateAllCodonFixationProbabilityMatrices"".ecoliHMMEVAL50_selac_UNREST_lognormal",,,,0.1,,,,0.00166666666666667,,,,0.508333333333333,,,,0.0183333333333333,,,,126.816666666667
"GrahamDB-selac-ca13013/R/selac.R#1415#""FastCreateEvolveAACodonFixationProbabilityMatrix"".ecoliHMMEVAL50_selac_UNREST_lognormal",,,,0.05,,,,0,,,,0.65,,,,0.02,,,,255.8
"GrahamDB-selac-ca13013/R/selac.R#905#""<GC>"".ecoliHMMEVAL50_selac_UNREST_lognormal",,,,0.05,,,,0,,,,0.05,,,,0,,,,38.1
"GrahamDB-selac-ca13013/R/selac.R#805#""GetPairwiseProteinFixationProbabilitySingleSite"".ecoliHMMEVAL50_selac_UNREST_lognormal",,,,0.133333333333333,,,,0.005,,,,0.375,,,,0.0116666666666667,,,,101.383333333333
"""mcfork"".ecoliHMMEVAL50_selac_UNREST_lognormal",,,,,,,,,,,,,,,,,,,,
"GrahamDB-selac-ca13013/R/selac.R#750#""site_d"".ecoliHMMEVAL50_selac_UNREST_lognormal",,,,0.175,,,,0.005,,,,0.208333333333333,,,,0.00833333333333333,,,,62.6166666666667
"GrahamDB-selac-ca13013/R/selac.R#1161#""<GC>"".ecoliHMMEVAL50_selac_UNREST_lognormal",,,,0.108333333333333,,,,0.00166666666666667,,,,0.108333333333333,,,,0.00166666666666667,,,,53.5333333333333
"GrahamDB-selac-ca13013/R/selac.R#825#""CreateAAFixationMatrixForEverything"".ecoliHMMEVAL50_selac_UNREST_lognormal",,,,0.05,,,,0,,,,0.4,,,,0.01,,,,101.8
"GrahamDB-selac-ca13013/R/selac.R#1155#""<GC>"".ecoliHMMEVAL50_selac_UNREST_lognormal",,,,0.133333333333333,,,,0.00333333333333333,,,,0.133333333333333,,,,0.00333333333333333,,,,41.75
"GrahamDB-selac-ca13013/R/selac.R#1166#""diag<-"".ecoliHMMEVAL50_selac_UNREST_lognormal",,,,,,,,,,,,,,,,,,,,
"""unlist"".ecoliHMMEVAL50_selac_UNREST_lognormal",,,,0.05,,,,0,,,,0.225,,,,0.005,,,,23.3
"GrahamDB-selac-ca13013/R/selac.R#904#""rownames<-"".ecoliHMMEVAL50_selac_UNREST_lognormal",,,,0.075,,,,0,,,,0.125,,,,0.005,,,,86.9
"GrahamDB-selac-ca13013/R/selac.R#905#""colnames<-"".ecoliHMMEVAL50_selac_UNREST_lognormal",,,,0.05,,,,0,,,,0.05,,,,0,,,,26.7
"GrahamDB-selac-ca13013/R/selac.R#1165#""diag<-"".ecoliHMMEVAL50_selac_UNREST_lognormal",,,,,,,,,,,,,,,,,,,,
"GrahamDB-selac-ca13013/R/selac.R#1166#""rowSums"".ecoliHMMEVAL50_selac_UNREST_lognormal",,,,0.1,,,,0,,,,0.1,,,,0,,,,27.6
"GrahamDB-selac-ca13013/R/selac.R#736#""<GC>"".ecoliHMMEVAL50_selac_UNREST_lognormal",,,,0.05,,,,0,,,,0.05,,,,0,,,,47.1
"GrahamDB-selac-ca13013/R/selac.R#729#""length"".ecoliHMMEVAL50_selac_UNREST_lognormal",,,,,,,,,,,,,,,,,,,,
"GrahamDB-selac-ca13013/R/selac.R#878#""matrix"".ecoliHMMEVAL50_selac_UNREST_lognormal",,,,,,,,,,,,,,,,,,,,
"""t.default"".ecoliHMMEVAL50_selac_UNREST_lognormal",,,,0.05,,,,0,,,,0.05,,,,0,,,,0
"GrahamDB-selac-ca13013/R/selac.R#1156#""<GC>"".ecoliHMMEVAL50_selac_UNREST_lognormal",,,,0.05,,,,0,,,,0.05,,,,0,,,,0
"GrahamDB-selac-ca13013/R/selac.R#1166#""<GC>"".ecoliHMMEVAL50_selac_UNREST_lognormal",,,,0.05,,,,0,,,,0.05,,,,0,,,,27.6
"GrahamDB-selac-ca13013/R/selac.R#736#""is.na"".ecoliHMMEVAL50_selac_UNREST_lognormal",,,,0.05,,,,0,,,,0.05,,,,0,,,,5.9
"""match.fun"".ecoliHMMEVAL50_selac_UNREST_lognormal",,,,0.1,,,,0.002,,,,0.12,,,,0.002,,,,6.18
"""processID"".ecoliHMMEVAL50_selac_UNREST_lognormal",,,,,,,,,,,,,,,,,,,,
"""delayedAssign"".ecoliHMMEVAL50_selac_UNREST_lognormal",,,,0.05,,,,0,,,,0.05,,,,0,,,,0
"deSolve/R/rk.R#75#""$"".ecoliHMMEVAL50_selac_UNREST_lognormal",,,,,,,,,,,,,,,,,,,,
"""selectChildren"".ecoliHMMEVAL50_selac_UNREST_lognormal",,,,,,,,,,,,,,,,,,,,
"GrahamDB-selac-ca13013/R/selac.R#1425#""FastCreateEvolveAACodonFixationProbabilityMatrix"".ecoliHMMEVAL50_selac_UNREST_lognormal",,,,,,,,,,,,,,,,,,,,
"GrahamDB-selac-ca13013/R/selac.R#750#""<GC>"".ecoliHMMEVAL50_selac_UNREST_lognormal",,,,,,,,,,,,,,,,,,,,
"""$"".ecoliHMMEVAL50_selac_UNREST_lognormal",,,,0.05,,,,0,,,,0.05,,,,0,,,,0
"GrahamDB-selac-ca13013/R/selac.R#892#""FastCreateOptAATransitionMatrices"".ecoliHMMEVAL50_selac_UNREST_lognormal",,,,,,,,,,,,,,,,,,,,
"""all"".ecoliHMMEVAL50_selac_UNREST_lognormal",,,,0.05,,,,0,,,,0.05,,,,0,,,,0.2
"GrahamDB-selac-ca13013/R/selac.R#1386#""<GC>"".ecoliHMMEVAL50_selac_UNREST_lognormal",,,,0.05,,,,0,,,,0.05,,,,0,,,,0
"GrahamDB-selac-ca13013/R/selac.R#712#""<GC>"".ecoliHMMEVAL50_selac_UNREST_lognormal",,,,,,,,,,,,,,,,,,,,
"GrahamDB-selac-ca13013/R/selac.R#1156#""rowSums"".ecoliHMMEVAL50_selac_UNREST_lognormal",,,,0.05,,,,0,,,,0.05,,,,0,,,,0
"GrahamDB-selac-ca13013/R/selac.R#881#""diag"".ecoliHMMEVAL50_selac_UNREST_lognormal",,,,0.05,,,,0,,,,0.05,,,,0,,,,48
"""readChild"".ecoliHMMEVAL50_selac_UNREST_lognormal",,,,,,,,,,,,,,,,,,,,
"""vapply"".ecoliHMMEVAL50_selac_UNREST_lognormal",,,,,,,,,,,,,,,,,,,,
