"","block","codon","nuc","gamma","version","mc","seed","ntick","neval"
"1","ecoliFASTHMMTEST","selac","GTR","none","5c98a1f",5,2053,10,10
"2","ecoliFASTHMMTEST","selac","GTR","none","5c98a1f",1,2054,10,10
"3","ecoliFASTHMMTEST","selac","UNREST","none","5c98a1f",1,3010,10,10
"4","ecoliFASTHMMTEST","selac","UNREST","none","5c98a1f",1,3013,9,9
"5","ecoliFASTHMMTEST","selac","UNREST","none","5c98a1f",1,3014,10,10
"6","ecoliFASTHMMTEST","selac","UNREST","none","5c98a1f",1,3011,10,10
"7","ecoliFASTHMMTEST","selac","UNREST","none","5c98a1f",1,3015,10,10
"8","ecoliFASTHMMTEST","selac","UNREST","none","5c98a1f",1,3012,10,10
"9","ecoliFASTHMMTEST","selac","UNREST","none","5c98a1f",1,3016,9,9
"10","ecoliFASTHMMTEST","selac","UNREST","none","5c98a1f",1,3019,10,10
"11","ecoliFASTHMMTEST","selac","UNREST","none","5c98a1f",1,3020,10,10
"12","ecoliFASTHMMTEST","selac","UNREST","none","5c98a1f",1,3017,10,10
"13","ecoliFASTHMMTEST","selac","UNREST","none","5c98a1f",1,3021,10,10
"14","ecoliFASTHMMTEST","selac","UNREST","none","5c98a1f",1,3018,9,9
"15","ecoliFASTHMMTEST","selac","UNREST","none","5c98a1f",1,3022,10,10
"16","ecoliFASTHMMTEST","selac","UNREST","none","5c98a1f",1,3025,9,9
"17","ecoliFASTHMMTEST","selac","UNREST","none","5c98a1f",1,3026,9,9
"18","ecoliFASTHMMTEST","selac","UNREST","none","5c98a1f",1,3023,10,10
"19","ecoliFASTHMMTEST","selac","UNREST","none","5c98a1f",1,3027,9,9
"20","ecoliFASTHMMTEST","selac","UNREST","none","5c98a1f",1,3024,10,10
"21","ecoliFASTHMMTEST","selac","UNREST","none","5c98a1f",1,3028,10,10
"22","ecoliFASTHMMTEST","selac","UNREST","none","5c98a1f",1,3031,10,10
"23","ecoliFASTHMMTEST","selac","UNREST","none","5c98a1f",1,3032,10,10
"24","ecoliFASTHMMTEST","selac","UNREST","none","5c98a1f",1,3029,10,10
"25","ecoliFASTHMMTEST","selac","UNREST","none","5c98a1f",1,3033,9,9
"26","ecoliFASTHMMTEST","selac","UNREST","none","5c98a1f",1,3030,10,10
"27","ecoliFASTHMMTEST","selac","UNREST","none","5c98a1f",1,3034,10,10
"28","ecoliFASTHMMTEST","selac","UNREST","none","5c98a1f",1,3037,10,10
"29","ecoliFASTHMMTEST","selac","UNREST","none","5c98a1f",1,3038,9,9
"30","ecoliFASTHMMTEST","selac","UNREST","none","5c98a1f",1,3035,10,10
"31","ecoliFASTHMMTEST","selac","UNREST","none","5c98a1f",1,3039,8,8
"32","ecoliFASTHMMTEST","selac","UNREST","none","5c98a1f",1,3036,9,9
"33","ecoliFASTHMMTEST","selac","UNREST","median","5c98a1f",1,3010,10,40
"34","ecoliFASTHMMTEST","selac","UNREST","median","5c98a1f",1,3013,9,36
"35","ecoliFASTHMMTEST","selac","UNREST","median","5c98a1f",1,3014,10,40
"36","ecoliFASTHMMTEST","selac","UNREST","median","5c98a1f",1,3011,10,40
"37","ecoliFASTHMMTEST","selac","UNREST","median","5c98a1f",1,3015,10,40
"38","ecoliFASTHMMTEST","selac","UNREST","median","5c98a1f",1,3012,10,40
"39","ecoliFASTHMMTEST","selac","UNREST","median","5c98a1f",1,3016,9,36
"40","ecoliFASTHMMTEST","selac","UNREST","median","5c98a1f",1,3019,10,40
"41","ecoliFASTHMMTEST","selac","UNREST","median","5c98a1f",1,3020,10,40
"42","ecoliFASTHMMTEST","selac","UNREST","median","5c98a1f",1,3017,10,40
"43","ecoliFASTHMMTEST","selac","UNREST","median","5c98a1f",1,3021,10,40
"44","ecoliFASTHMMTEST","selac","UNREST","median","5c98a1f",1,3018,9,36
"45","ecoliFASTHMMTEST","selac","UNREST","median","5c98a1f",1,3022,10,40
"46","ecoliFASTHMMTEST","selac","UNREST","median","5c98a1f",1,3025,9,36
"47","ecoliFASTHMMTEST","selac","UNREST","median","5c98a1f",1,3026,9,36
"48","ecoliFASTHMMTEST","selac","UNREST","median","5c98a1f",1,3023,10,40
"49","ecoliFASTHMMTEST","selac","UNREST","median","5c98a1f",1,3027,9,36
"50","ecoliFASTHMMTEST","selac","UNREST","median","5c98a1f",1,3024,10,40
"51","ecoliFASTHMMTEST","selac","UNREST","median","5c98a1f",1,3028,10,40
"52","ecoliFASTHMMTEST","selac","UNREST","median","5c98a1f",1,3031,10,40
"53","ecoliFASTHMMTEST","selac","UNREST","median","5c98a1f",1,3032,10,40
"54","ecoliFASTHMMTEST","selac","UNREST","median","5c98a1f",1,3029,10,40
"55","ecoliFASTHMMTEST","selac","UNREST","median","5c98a1f",1,3033,9,36
"56","ecoliFASTHMMTEST","selac","UNREST","median","5c98a1f",1,3030,10,40
"57","ecoliFASTHMMTEST","selac","UNREST","median","5c98a1f",1,3034,10,40
"58","ecoliFASTHMMTEST","selac","UNREST","median","5c98a1f",1,3037,10,40
"59","ecoliFASTHMMTEST","selac","UNREST","median","5c98a1f",1,3038,9,36
"60","ecoliFASTHMMTEST","selac","UNREST","median","5c98a1f",1,3035,10,40
"61","ecoliFASTHMMTEST","selac","UNREST","median","5c98a1f",1,3039,8,32
"62","ecoliFASTHMMTEST","selac","UNREST","median","5c98a1f",1,3036,9,36
"63","ecoliFASTHMMTEST","selac","UNREST","quadrature","5c98a1f",1,3010,10,40
"64","ecoliFASTHMMTEST","selac","UNREST","quadrature","5c98a1f",1,3013,9,36
"65","ecoliFASTHMMTEST","selac","UNREST","quadrature","5c98a1f",1,3014,10,40
"66","ecoliFASTHMMTEST","selac","UNREST","quadrature","5c98a1f",1,3011,10,40
"67","ecoliFASTHMMTEST","selac","UNREST","quadrature","5c98a1f",1,3015,10,40
"68","ecoliFASTHMMTEST","selac","UNREST","quadrature","5c98a1f",1,3012,10,40
"69","ecoliFASTHMMTEST","selac","UNREST","quadrature","5c98a1f",1,3016,9,36
"70","ecoliFASTHMMTEST","selac","UNREST","quadrature","5c98a1f",1,3019,10,40
"71","ecoliFASTHMMTEST","selac","UNREST","quadrature","5c98a1f",1,3020,10,40
"72","ecoliFASTHMMTEST","selac","UNREST","quadrature","5c98a1f",1,3017,10,40
"73","ecoliFASTHMMTEST","selac","UNREST","quadrature","5c98a1f",1,3021,10,40
"74","ecoliFASTHMMTEST","selac","UNREST","quadrature","5c98a1f",1,3018,9,36
"75","ecoliFASTHMMTEST","selac","UNREST","quadrature","5c98a1f",1,3022,10,40
"76","ecoliFASTHMMTEST","selac","UNREST","quadrature","5c98a1f",1,3025,9,36
"77","ecoliFASTHMMTEST","selac","UNREST","quadrature","5c98a1f",1,3026,9,36
"78","ecoliFASTHMMTEST","selac","UNREST","quadrature","5c98a1f",1,3023,10,40
"79","ecoliFASTHMMTEST","selac","UNREST","quadrature","5c98a1f",1,3027,9,36
"80","ecoliFASTHMMTEST","selac","UNREST","quadrature","5c98a1f",1,3024,10,40
"81","ecoliFASTHMMTEST","selac","UNREST","quadrature","5c98a1f",1,3028,10,40
"82","ecoliFASTHMMTEST","selac","UNREST","quadrature","5c98a1f",1,3031,10,40
"83","ecoliFASTHMMTEST","selac","UNREST","quadrature","5c98a1f",1,3032,10,40
"84","ecoliFASTHMMTEST","selac","UNREST","quadrature","5c98a1f",1,3029,10,40
"85","ecoliFASTHMMTEST","selac","UNREST","quadrature","5c98a1f",1,3033,9,36
"86","ecoliFASTHMMTEST","selac","UNREST","quadrature","5c98a1f",1,3030,10,40
"87","ecoliFASTHMMTEST","selac","UNREST","quadrature","5c98a1f",1,3034,10,40
"88","ecoliFASTHMMTEST","selac","UNREST","quadrature","5c98a1f",1,3037,10,40
"89","ecoliFASTHMMTEST","selac","UNREST","quadrature","5c98a1f",1,3038,9,36
"90","ecoliFASTHMMTEST","selac","UNREST","quadrature","5c98a1f",1,3035,10,40
"91","ecoliFASTHMMTEST","selac","UNREST","quadrature","5c98a1f",1,3039,8,32
"92","ecoliFASTHMMTEST","selac","UNREST","quadrature","5c98a1f",1,3036,9,36
"93","ecoliFASTHMMTEST","selac","UNREST","lognormal","5c98a1f",1,3010,10,40
"94","ecoliFASTHMMTEST","selac","UNREST","lognormal","5c98a1f",1,3013,9,36
"95","ecoliFASTHMMTEST","selac","UNREST","lognormal","5c98a1f",1,3014,10,40
"96","ecoliFASTHMMTEST","selac","UNREST","lognormal","5c98a1f",1,3011,10,40
"97","ecoliFASTHMMTEST","selac","UNREST","lognormal","5c98a1f",1,3015,10,40
"98","ecoliFASTHMMTEST","selac","UNREST","lognormal","5c98a1f",1,3012,10,40
"99","ecoliFASTHMMTEST","selac","UNREST","lognormal","5c98a1f",1,3016,9,36
"100","ecoliFASTHMMTEST","selac","UNREST","lognormal","5c98a1f",1,3019,10,40
"101","ecoliFASTHMMTEST","selac","UNREST","lognormal","5c98a1f",1,3020,10,40
"102","ecoliFASTHMMTEST","selac","UNREST","lognormal","5c98a1f",1,3017,10,40
"103","ecoliFASTHMMTEST","selac","UNREST","lognormal","5c98a1f",1,3021,10,40
"104","ecoliFASTHMMTEST","selac","UNREST","lognormal","5c98a1f",1,3018,9,36
"105","ecoliFASTHMMTEST","selac","UNREST","lognormal","5c98a1f",1,3022,10,40
"106","ecoliFASTHMMTEST","selac","UNREST","lognormal","5c98a1f",1,3025,9,36
"107","ecoliFASTHMMTEST","selac","UNREST","lognormal","5c98a1f",1,3026,9,36
"108","ecoliFASTHMMTEST","selac","UNREST","lognormal","5c98a1f",1,3023,10,40
"109","ecoliFASTHMMTEST","selac","UNREST","lognormal","5c98a1f",1,3027,9,36
"110","ecoliFASTHMMTEST","selac","UNREST","lognormal","5c98a1f",1,3024,10,40
"111","ecoliFASTHMMTEST","selac","UNREST","lognormal","5c98a1f",1,3028,10,40
"112","ecoliFASTHMMTEST","selac","UNREST","lognormal","5c98a1f",1,3031,10,40
"113","ecoliFASTHMMTEST","selac","UNREST","lognormal","5c98a1f",1,3032,10,40
"114","ecoliFASTHMMTEST","selac","UNREST","lognormal","5c98a1f",1,3029,10,40
"115","ecoliFASTHMMTEST","selac","UNREST","lognormal","5c98a1f",1,3033,9,36
"116","ecoliFASTHMMTEST","selac","UNREST","lognormal","5c98a1f",1,3030,10,40
"117","ecoliFASTHMMTEST","selac","UNREST","lognormal","5c98a1f",1,3034,10,40
"118","ecoliFASTHMMTEST","selac","UNREST","lognormal","5c98a1f",1,3037,10,40
"119","ecoliFASTHMMTEST","selac","UNREST","lognormal","5c98a1f",1,3038,9,36
"120","ecoliFASTHMMTEST","selac","UNREST","lognormal","5c98a1f",1,3035,10,40
"121","ecoliFASTHMMTEST","selac","UNREST","lognormal","5c98a1f",1,3039,8,32
"122","ecoliFASTHMMTEST","selac","UNREST","lognormal","5c98a1f",1,3036,9,36
"123","ecoliFASTHMMTEST","selac","UNREST","none","ade1e58",1,3010,10,10
"124","ecoliFASTHMMTEST","selac","UNREST","none","ade1e58",1,3013,9,9
"125","ecoliFASTHMMTEST","selac","UNREST","none","ade1e58",1,3014,10,10
"126","ecoliFASTHMMTEST","selac","UNREST","none","ade1e58",1,3011,10,10
"127","ecoliFASTHMMTEST","selac","UNREST","none","ade1e58",1,3015,10,10
"128","ecoliFASTHMMTEST","selac","UNREST","none","ade1e58",1,3012,10,10
"129","ecoliFASTHMMTEST","selac","UNREST","median","ade1e58",1,3010,10,40
"130","ecoliFASTHMMTEST","selac","UNREST","median","ade1e58",1,3013,9,36
"131","ecoliFASTHMMTEST","selac","UNREST","median","ade1e58",1,3014,10,40
"132","ecoliFASTHMMTEST","selac","UNREST","median","ade1e58",1,3011,10,40
"133","ecoliFASTHMMTEST","selac","UNREST","median","ade1e58",1,3015,10,40
"134","ecoliFASTHMMTEST","selac","UNREST","median","ade1e58",1,3012,10,40
"135","ecoliFASTHMMTEST","selac","UNREST","quadrature","ade1e58",1,3010,10,40
"136","ecoliFASTHMMTEST","selac","UNREST","quadrature","ade1e58",1,3013,9,36
"137","ecoliFASTHMMTEST","selac","UNREST","quadrature","ade1e58",1,3014,10,40
"138","ecoliFASTHMMTEST","selac","UNREST","quadrature","ade1e58",1,3011,10,40
"139","ecoliFASTHMMTEST","selac","UNREST","quadrature","ade1e58",1,3015,10,40
"140","ecoliFASTHMMTEST","selac","UNREST","quadrature","ade1e58",1,3012,10,40
"141","ecoliFASTHMMTEST","selac","UNREST","lognormal","ade1e58",1,3010,10,40
"142","ecoliFASTHMMTEST","selac","UNREST","lognormal","ade1e58",1,3013,9,36
"143","ecoliFASTHMMTEST","selac","UNREST","lognormal","ade1e58",1,3014,10,40
"144","ecoliFASTHMMTEST","selac","UNREST","lognormal","ade1e58",1,3011,10,40
"145","ecoliFASTHMMTEST","selac","UNREST","lognormal","ade1e58",1,3015,10,40
"146","ecoliFASTHMMTEST","selac","UNREST","lognormal","ade1e58",1,3012,10,40
"147","ecoliFASTHMMTEST","selac","UNREST","none","86cc7e9",1,3010,10,10
"148","ecoliFASTHMMTEST","selac","UNREST","none","86cc7e9",1,3013,9,9
"149","ecoliFASTHMMTEST","selac","UNREST","none","86cc7e9",1,3014,10,10
"150","ecoliFASTHMMTEST","selac","UNREST","none","86cc7e9",1,3011,10,10
"151","ecoliFASTHMMTEST","selac","UNREST","none","86cc7e9",1,3015,10,10
"152","ecoliFASTHMMTEST","selac","UNREST","none","86cc7e9",1,3012,10,10
"154","ecoliFASTHMMTEST","selac","UNREST","none","f1c3d1e",1,3010,10,10
"155","ecoliFASTHMMTEST","selac","UNREST","none","f1c3d1e",1,3013,9,9
"156","ecoliFASTHMMTEST","selac","UNREST","none","f1c3d1e",1,3014,10,10
"157","ecoliFASTHMMTEST","selac","UNREST","none","f1c3d1e",1,3011,10,10
"158","ecoliFASTHMMTEST","selac","UNREST","none","f1c3d1e",1,3015,10,10
"159","ecoliFASTHMMTEST","selac","UNREST","none","f1c3d1e",1,3012,10,10
"160","ecoliFASTHMMTEST","selac","UNREST","median","f1c3d1e",1,3010,10,40
"161","ecoliFASTHMMTEST","selac","UNREST","median","f1c3d1e",1,3013,9,36
"162","ecoliFASTHMMTEST","selac","UNREST","median","f1c3d1e",1,3014,10,40
"163","ecoliFASTHMMTEST","selac","UNREST","median","f1c3d1e",1,3011,10,40
"164","ecoliFASTHMMTEST","selac","UNREST","median","f1c3d1e",1,3015,10,40
"165","ecoliFASTHMMTEST","selac","UNREST","median","f1c3d1e",1,3012,10,40
"166","ecoliFASTHMMTEST","selac","UNREST","quadrature","f1c3d1e",1,3010,10,40
"167","ecoliFASTHMMTEST","selac","UNREST","quadrature","f1c3d1e",1,3013,9,36
"168","ecoliFASTHMMTEST","selac","UNREST","quadrature","f1c3d1e",1,3014,10,40
"169","ecoliFASTHMMTEST","selac","UNREST","quadrature","f1c3d1e",1,3011,10,40
"170","ecoliFASTHMMTEST","selac","UNREST","quadrature","f1c3d1e",1,3015,10,40
"171","ecoliFASTHMMTEST","selac","UNREST","quadrature","f1c3d1e",1,3012,10,40
"172","ecoliFASTHMMTEST","selac","UNREST","lognormal","f1c3d1e",1,3010,10,40
"173","ecoliFASTHMMTEST","selac","UNREST","lognormal","f1c3d1e",1,3013,9,36
"174","ecoliFASTHMMTEST","selac","UNREST","lognormal","f1c3d1e",1,3014,10,40
"175","ecoliFASTHMMTEST","selac","UNREST","lognormal","f1c3d1e",1,3011,10,40
"176","ecoliFASTHMMTEST","selac","UNREST","lognormal","f1c3d1e",1,3015,10,40
"177","ecoliFASTHMMTEST","selac","UNREST","lognormal","f1c3d1e",1,3012,10,40
"178","ecoliFASTHMMTEST","selac","UNREST","none","ab3e84e",1,3010,10,10
"179","ecoliFASTHMMTEST","selac","UNREST","none","ab3e84e",1,3013,9,9
"180","ecoliFASTHMMTEST","selac","UNREST","none","ab3e84e",1,3014,10,10
"181","ecoliFASTHMMTEST","selac","UNREST","none","ab3e84e",1,3011,10,10
"182","ecoliFASTHMMTEST","selac","UNREST","none","ab3e84e",1,3015,10,10
"183","ecoliFASTHMMTEST","selac","UNREST","none","ab3e84e",1,3012,10,10
"184","ecoliFASTHMMTEST","selac","UNREST","median","ab3e84e",1,3010,10,40
"185","ecoliFASTHMMTEST","selac","UNREST","median","ab3e84e",1,3013,9,36
"186","ecoliFASTHMMTEST","selac","UNREST","median","ab3e84e",1,3014,10,40
"187","ecoliFASTHMMTEST","selac","UNREST","median","ab3e84e",1,3011,10,40
"188","ecoliFASTHMMTEST","selac","UNREST","median","ab3e84e",1,3015,10,40
"189","ecoliFASTHMMTEST","selac","UNREST","median","ab3e84e",1,3012,10,40
"190","ecoliFASTHMMTEST","selac","UNREST","quadrature","ab3e84e",1,3010,10,40
"191","ecoliFASTHMMTEST","selac","UNREST","quadrature","ab3e84e",1,3013,9,36
"192","ecoliFASTHMMTEST","selac","UNREST","quadrature","ab3e84e",1,3014,10,40
"193","ecoliFASTHMMTEST","selac","UNREST","quadrature","ab3e84e",1,3011,10,40
"194","ecoliFASTHMMTEST","selac","UNREST","quadrature","ab3e84e",1,3015,10,40
"195","ecoliFASTHMMTEST","selac","UNREST","quadrature","ab3e84e",1,3012,10,40
"196","ecoliFASTHMMTEST","selac","UNREST","lognormal","ab3e84e",1,3010,10,40
"197","ecoliFASTHMMTEST","selac","UNREST","lognormal","ab3e84e",1,3013,9,36
"198","ecoliFASTHMMTEST","selac","UNREST","lognormal","ab3e84e",1,3014,10,40
"199","ecoliFASTHMMTEST","selac","UNREST","lognormal","ab3e84e",1,3011,10,40
"200","ecoliFASTHMMTEST","selac","UNREST","lognormal","ab3e84e",1,3015,10,40
"201","ecoliFASTHMMTEST","selac","UNREST","lognormal","ab3e84e",1,3012,10,40
"202","ecoliFASTHMMTEST","selac","UNREST","none","5c98a1f",1,3040,10,10
"203","ecoliFASTHMMTEST","selac","UNREST","none","5c98a1f",1,3043,9,9
"204","ecoliFASTHMMTEST","selac","UNREST","none","5c98a1f",1,3044,10,10
"205","ecoliFASTHMMTEST","selac","UNREST","none","5c98a1f",1,3041,10,10
"206","ecoliFASTHMMTEST","selac","UNREST","none","5c98a1f",1,3045,9,9
"207","ecoliFASTHMMTEST","selac","UNREST","none","5c98a1f",1,3042,9,9
"208","ecoliFASTHMMTEST","selac","UNREST","median","5c98a1f",1,3040,10,40
"209","ecoliFASTHMMTEST","selac","UNREST","median","5c98a1f",1,3043,9,36
"210","ecoliFASTHMMTEST","selac","UNREST","median","5c98a1f",1,3044,10,40
"211","ecoliFASTHMMTEST","selac","UNREST","median","5c98a1f",1,3041,10,40
"212","ecoliFASTHMMTEST","selac","UNREST","median","5c98a1f",1,3045,9,36
"213","ecoliFASTHMMTEST","selac","UNREST","median","5c98a1f",1,3042,9,36
"214","ecoliFASTHMMTEST","selac","UNREST","quadrature","5c98a1f",1,3040,10,40
"215","ecoliFASTHMMTEST","selac","UNREST","quadrature","5c98a1f",1,3043,9,36
"216","ecoliFASTHMMTEST","selac","UNREST","quadrature","5c98a1f",1,3044,10,40
"217","ecoliFASTHMMTEST","selac","UNREST","quadrature","5c98a1f",1,3041,10,40
"218","ecoliFASTHMMTEST","selac","UNREST","quadrature","5c98a1f",1,3045,9,36
"219","ecoliFASTHMMTEST","selac","UNREST","quadrature","5c98a1f",1,3042,9,36
"220","ecoliFASTHMMTEST","selac","UNREST","lognormal","5c98a1f",1,3040,10,40
"221","ecoliFASTHMMTEST","selac","UNREST","lognormal","5c98a1f",1,3043,9,36
"222","ecoliFASTHMMTEST","selac","UNREST","lognormal","5c98a1f",1,3044,10,40
"223","ecoliFASTHMMTEST","selac","UNREST","lognormal","5c98a1f",1,3041,10,40
"224","ecoliFASTHMMTEST","selac","UNREST","lognormal","5c98a1f",1,3045,9,36
"225","ecoliFASTHMMTEST","selac","UNREST","lognormal","5c98a1f",1,3042,9,36
"226","ecoliFASTHMMTEST","selac","UNREST","none","ab3e84e",1,3040,10,10
"227","ecoliFASTHMMTEST","selac","UNREST","none","ab3e84e",1,3043,9,9
"228","ecoliFASTHMMTEST","selac","UNREST","none","ab3e84e",1,3044,10,10
"229","ecoliFASTHMMTEST","selac","UNREST","none","ab3e84e",1,3041,10,10
"230","ecoliFASTHMMTEST","selac","UNREST","none","ab3e84e",1,3045,9,9
"231","ecoliFASTHMMTEST","selac","UNREST","none","ab3e84e",1,3042,9,9
"232","ecoliFASTHMMTEST","selac","UNREST","median","ab3e84e",1,3040,10,40
"233","ecoliFASTHMMTEST","selac","UNREST","median","ab3e84e",1,3043,9,36
"234","ecoliFASTHMMTEST","selac","UNREST","median","ab3e84e",1,3044,10,40
"235","ecoliFASTHMMTEST","selac","UNREST","median","ab3e84e",1,3041,10,40
"236","ecoliFASTHMMTEST","selac","UNREST","median","ab3e84e",1,3045,9,36
"237","ecoliFASTHMMTEST","selac","UNREST","median","ab3e84e",1,3042,9,36
"238","ecoliFASTHMMTEST","selac","UNREST","quadrature","ab3e84e",1,3040,10,40
"239","ecoliFASTHMMTEST","selac","UNREST","quadrature","ab3e84e",1,3043,9,36
"240","ecoliFASTHMMTEST","selac","UNREST","quadrature","ab3e84e",1,3044,10,40
"241","ecoliFASTHMMTEST","selac","UNREST","quadrature","ab3e84e",1,3041,10,40
"242","ecoliFASTHMMTEST","selac","UNREST","quadrature","ab3e84e",1,3045,9,36
"243","ecoliFASTHMMTEST","selac","UNREST","quadrature","ab3e84e",1,3042,9,36
"244","ecoliFASTHMMTEST","selac","UNREST","lognormal","ab3e84e",1,3040,10,40
"245","ecoliFASTHMMTEST","selac","UNREST","lognormal","ab3e84e",1,3043,9,36
"246","ecoliFASTHMMTEST","selac","UNREST","lognormal","ab3e84e",1,3044,10,40
"247","ecoliFASTHMMTEST","selac","UNREST","lognormal","ab3e84e",1,3041,10,40
"248","ecoliFASTHMMTEST","selac","UNREST","lognormal","ab3e84e",1,3045,9,36
"249","ecoliFASTHMMTEST","selac","UNREST","lognormal","ab3e84e",1,3042,9,36
"250","ecoliFASTHMMTEST","selac","UNREST","none","ab3e84e",1,3046,10,10
"251","ecoliFASTHMMTEST","selac","UNREST","none","ab3e84e",1,3049,8,8
"252","ecoliFASTHMMTEST","selac","UNREST","none","ab3e84e",1,3050,10,10
"253","ecoliFASTHMMTEST","selac","UNREST","none","ab3e84e",1,3047,8,8
"254","ecoliFASTHMMTEST","selac","UNREST","none","ab3e84e",1,3051,10,10
"255","ecoliFASTHMMTEST","selac","UNREST","none","ab3e84e",1,3048,10,10
"256","ecoliFASTHMMTEST","selac","UNREST","median","ab3e84e",1,3046,10,40
"257","ecoliFASTHMMTEST","selac","UNREST","median","ab3e84e",1,3049,8,32
"258","ecoliFASTHMMTEST","selac","UNREST","median","ab3e84e",1,3050,10,40
"259","ecoliFASTHMMTEST","selac","UNREST","median","ab3e84e",1,3047,8,32
"260","ecoliFASTHMMTEST","selac","UNREST","median","ab3e84e",1,3051,10,40
"261","ecoliFASTHMMTEST","selac","UNREST","median","ab3e84e",1,3048,10,40
"262","ecoliFASTHMMTEST","selac","UNREST","quadrature","ab3e84e",1,3046,10,40
"263","ecoliFASTHMMTEST","selac","UNREST","quadrature","ab3e84e",1,3049,8,32
"264","ecoliFASTHMMTEST","selac","UNREST","quadrature","ab3e84e",1,3050,10,40
"265","ecoliFASTHMMTEST","selac","UNREST","quadrature","ab3e84e",1,3047,8,32
"266","ecoliFASTHMMTEST","selac","UNREST","quadrature","ab3e84e",1,3051,10,40
"267","ecoliFASTHMMTEST","selac","UNREST","quadrature","ab3e84e",1,3048,10,40
"268","ecoliFASTHMMTEST","selac","UNREST","lognormal","ab3e84e",1,3046,10,40
"269","ecoliFASTHMMTEST","selac","UNREST","lognormal","ab3e84e",1,3049,8,32
"270","ecoliFASTHMMTEST","selac","UNREST","lognormal","ab3e84e",1,3050,10,40
"271","ecoliFASTHMMTEST","selac","UNREST","lognormal","ab3e84e",1,3047,8,32
"272","ecoliFASTHMMTEST","selac","UNREST","lognormal","ab3e84e",1,3051,10,40
"273","ecoliFASTHMMTEST","selac","UNREST","lognormal","ab3e84e",1,3048,10,40
"274","ecoliFASTHMMTEST","selac","UNREST","none","5c98a1f",1,3046,10,10
"275","ecoliFASTHMMTEST","selac","UNREST","none","5c98a1f",1,3049,8,8
"276","ecoliFASTHMMTEST","selac","UNREST","none","5c98a1f",1,3050,10,10
"277","ecoliFASTHMMTEST","selac","UNREST","none","5c98a1f",1,3047,8,8
"278","ecoliFASTHMMTEST","selac","UNREST","none","5c98a1f",1,3051,10,10
"279","ecoliFASTHMMTEST","selac","UNREST","none","5c98a1f",1,3048,10,10
"280","ecoliFASTHMMTEST","selac","UNREST","median","5c98a1f",1,3046,10,40
"281","ecoliFASTHMMTEST","selac","UNREST","median","5c98a1f",1,3049,8,32
"282","ecoliFASTHMMTEST","selac","UNREST","median","5c98a1f",1,3050,10,40
"283","ecoliFASTHMMTEST","selac","UNREST","median","5c98a1f",1,3047,8,32
"284","ecoliFASTHMMTEST","selac","UNREST","median","5c98a1f",1,3051,10,40
"285","ecoliFASTHMMTEST","selac","UNREST","median","5c98a1f",1,3048,10,40
"286","ecoliFASTHMMTEST","selac","UNREST","quadrature","5c98a1f",1,3046,10,40
"287","ecoliFASTHMMTEST","selac","UNREST","quadrature","5c98a1f",1,3049,8,32
"288","ecoliFASTHMMTEST","selac","UNREST","quadrature","5c98a1f",1,3050,10,40
"289","ecoliFASTHMMTEST","selac","UNREST","quadrature","5c98a1f",1,3047,8,32
"290","ecoliFASTHMMTEST","selac","UNREST","quadrature","5c98a1f",1,3051,10,40
"291","ecoliFASTHMMTEST","selac","UNREST","quadrature","5c98a1f",1,3048,10,40
"292","ecoliFASTHMMTEST","selac","UNREST","lognormal","5c98a1f",1,3046,10,40
"293","ecoliFASTHMMTEST","selac","UNREST","lognormal","5c98a1f",1,3049,8,32
"294","ecoliFASTHMMTEST","selac","UNREST","lognormal","5c98a1f",1,3050,10,40
"295","ecoliFASTHMMTEST","selac","UNREST","lognormal","5c98a1f",1,3047,8,32
"296","ecoliFASTHMMTEST","selac","UNREST","lognormal","5c98a1f",1,3051,10,40
"297","ecoliFASTHMMTEST","selac","UNREST","lognormal","5c98a1f",1,3048,10,40
"298","ecoliHMMEVAL50","selac","GTR","none","5c98a1f",1,2054,43,43
"299","ecoliHMMEVAL50","selac","UNREST","none","5c98a1f",1,3010,45,45
"300","ecoliHMMEVAL50","selac","UNREST","none","5c98a1f",1,3013,47,47
"301","ecoliHMMEVAL50","selac","UNREST","none","5c98a1f",1,3014,42,42
"302","ecoliHMMEVAL50","selac","UNREST","none","5c98a1f",1,3011,43,43
"303","ecoliHMMEVAL50","selac","UNREST","none","5c98a1f",1,3015,38,38
"304","ecoliHMMEVAL50","selac","UNREST","none","5c98a1f",1,3012,42,42
"305","ecoliHMMEVAL50","selac","UNREST","none","5c98a1f",1,3016,43,43
"306","ecoliHMMEVAL50","selac","UNREST","none","5c98a1f",1,3019,44,44
"307","ecoliHMMEVAL50","selac","UNREST","none","5c98a1f",1,3020,43,43
"308","ecoliHMMEVAL50","selac","UNREST","none","5c98a1f",1,3017,42,42
"309","ecoliHMMEVAL50","selac","UNREST","none","5c98a1f",1,3021,46,46
"310","ecoliHMMEVAL50","selac","UNREST","none","5c98a1f",1,3018,42,42
"311","ecoliHMMEVAL50","selac","UNREST","none","5c98a1f",1,3022,43,43
"312","ecoliHMMEVAL50","selac","UNREST","none","5c98a1f",1,3025,42,42
"313","ecoliHMMEVAL50","selac","UNREST","none","5c98a1f",1,3026,45,45
"314","ecoliHMMEVAL50","selac","UNREST","none","5c98a1f",1,3023,45,45
"315","ecoliHMMEVAL50","selac","UNREST","none","5c98a1f",1,3027,40,40
"316","ecoliHMMEVAL50","selac","UNREST","none","5c98a1f",1,3024,42,42
"317","ecoliHMMEVAL50","selac","UNREST","none","5c98a1f",1,3028,41,41
"318","ecoliHMMEVAL50","selac","UNREST","none","5c98a1f",1,3031,44,44
"319","ecoliHMMEVAL50","selac","UNREST","none","5c98a1f",1,3032,38,38
"320","ecoliHMMEVAL50","selac","UNREST","none","5c98a1f",1,3029,44,44
"321","ecoliHMMEVAL50","selac","UNREST","none","5c98a1f",1,3033,40,40
"322","ecoliHMMEVAL50","selac","UNREST","none","5c98a1f",1,3030,43,43
"323","ecoliHMMEVAL50","selac","UNREST","none","5c98a1f",1,3034,39,39
"324","ecoliHMMEVAL50","selac","UNREST","none","5c98a1f",1,3037,43,43
"325","ecoliHMMEVAL50","selac","UNREST","none","5c98a1f",1,3038,41,41
"326","ecoliHMMEVAL50","selac","UNREST","none","5c98a1f",1,3035,42,42
"327","ecoliHMMEVAL50","selac","UNREST","none","5c98a1f",1,3039,40,40
"328","ecoliHMMEVAL50","selac","UNREST","none","5c98a1f",1,3036,47,47
"329","ecoliHMMEVAL50","selac","UNREST","median","5c98a1f",1,3010,45,180
"330","ecoliHMMEVAL50","selac","UNREST","median","5c98a1f",1,3013,47,188
"331","ecoliHMMEVAL50","selac","UNREST","median","5c98a1f",1,3014,42,168
"332","ecoliHMMEVAL50","selac","UNREST","median","5c98a1f",1,3011,43,172
"333","ecoliHMMEVAL50","selac","UNREST","median","5c98a1f",1,3015,38,152
"334","ecoliHMMEVAL50","selac","UNREST","median","5c98a1f",1,3012,42,168
"335","ecoliHMMEVAL50","selac","UNREST","median","5c98a1f",1,3016,43,172
"336","ecoliHMMEVAL50","selac","UNREST","median","5c98a1f",1,3019,44,176
"337","ecoliHMMEVAL50","selac","UNREST","median","5c98a1f",1,3020,43,172
"338","ecoliHMMEVAL50","selac","UNREST","median","5c98a1f",1,3017,42,168
"341","ecoliHMMEVAL50","selac","GTR","none","ade1e58",1,2054,43,43
"342","ecoliHMMEVAL50","selac","UNREST","none","ade1e58",1,3010,45,45
"343","ecoliHMMEVAL50","selac","UNREST","none","ade1e58",1,3013,47,47
"346","ecoliHMMEVAL50","selac","GTR","none","86cc7e9",1,2054,43,43
"347","ecoliHMMEVAL50","selac","GTR","none","f1c3d1e",1,2054,43,43
"348","ecoliHMMEVAL50","selac","UNREST","quadrature","5c98a1f",1,3010,45,180
"349","ecoliHMMEVAL50","selac","UNREST","quadrature","5c98a1f",1,3013,47,188
"350","ecoliHMMEVAL50","selac","UNREST","quadrature","5c98a1f",1,3014,42,168
"351","ecoliHMMEVAL50","selac","UNREST","quadrature","5c98a1f",1,3011,43,172
"352","ecoliHMMEVAL50","selac","UNREST","quadrature","5c98a1f",1,3015,38,152
"353","ecoliHMMEVAL50","selac","UNREST","quadrature","5c98a1f",1,3012,42,168
"354","ecoliHMMEVAL50","selac","UNREST","lognormal","5c98a1f",1,3010,45,180
"355","ecoliHMMEVAL50","selac","UNREST","lognormal","5c98a1f",1,3013,47,188
"356","ecoliHMMEVAL50","selac","UNREST","lognormal","5c98a1f",1,3014,42,168
"357","ecoliHMMEVAL50","selac","UNREST","lognormal","5c98a1f",1,3011,43,172
"358","ecoliHMMEVAL50","selac","UNREST","lognormal","5c98a1f",1,3015,38,152
"359","ecoliHMMEVAL50","selac","UNREST","lognormal","5c98a1f",1,3012,42,168
"360","ecoliHMMEVAL50","selac","UNREST","none","ade1e58",1,3014,42,42
"361","ecoliHMMEVAL50","selac","UNREST","none","ade1e58",1,3011,43,43
"362","ecoliHMMEVAL50","selac","UNREST","none","ade1e58",1,3015,38,38
"363","ecoliHMMEVAL50","selac","UNREST","none","ade1e58",1,3012,42,42
"364","ecoliHMMEVAL50","selac","UNREST","median","ade1e58",1,3010,45,180
"365","ecoliHMMEVAL50","selac","UNREST","median","ade1e58",1,3013,47,188
"366","ecoliHMMEVAL50","selac","UNREST","median","ade1e58",1,3014,42,168
"367","ecoliHMMEVAL50","selac","UNREST","median","ade1e58",1,3011,43,172
"368","ecoliHMMEVAL50","selac","UNREST","median","ade1e58",1,3015,38,152
"369","ecoliHMMEVAL50","selac","UNREST","median","ade1e58",1,3012,42,168
"372","ecoliHMMEVAL50","selac","GTR","none","ab3e84e",1,2054,43,43
"374","ecoliHMMEVAL50","selac","UNREST","none","ab3e84e",1,3040,45,45
"375","ecoliHMMEVAL50","selac","UNREST","none","ab3e84e",1,3043,41,41
"376","ecoliHMMEVAL50","selac","UNREST","none","ab3e84e",1,3044,41,41
"377","ecoliHMMEVAL50","selac","UNREST","none","ab3e84e",1,3041,41,41
"378","ecoliHMMEVAL50","selac","UNREST","none","ab3e84e",1,3045,41,41
"379","ecoliHMMEVAL50","selac","UNREST","none","ab3e84e",1,3042,42,42
"380","ecoliHMMEVAL50","selac","UNREST","median","ab3e84e",1,3040,45,180
"381","ecoliHMMEVAL50","selac","UNREST","median","ab3e84e",1,3043,41,164
"382","ecoliHMMEVAL50","selac","UNREST","median","ab3e84e",1,3044,41,164
"383","ecoliHMMEVAL50","selac","UNREST","median","ab3e84e",1,3041,41,164
"384","ecoliHMMEVAL50","selac","UNREST","median","ab3e84e",1,3045,41,164
"385","ecoliHMMEVAL50","selac","UNREST","median","ab3e84e",1,3042,42,168
"386","ecoliHMMEVAL50","selac","UNREST","quadrature","ab3e84e",1,3040,45,180
"387","ecoliHMMEVAL50","selac","UNREST","quadrature","ab3e84e",1,3043,41,164
"388","ecoliHMMEVAL50","selac","UNREST","quadrature","ab3e84e",1,3044,41,164
"389","ecoliHMMEVAL50","selac","UNREST","quadrature","ab3e84e",1,3041,41,164
"390","ecoliHMMEVAL50","selac","UNREST","quadrature","ab3e84e",1,3045,41,164
"391","ecoliHMMEVAL50","selac","UNREST","quadrature","ab3e84e",1,3042,42,168
"392","ecoliHMMEVAL50","selac","UNREST","lognormal","ab3e84e",1,3040,45,180
"393","ecoliHMMEVAL50","selac","UNREST","lognormal","ab3e84e",1,3043,41,164
"394","ecoliHMMEVAL50","selac","UNREST","lognormal","ab3e84e",1,3044,41,164
"395","ecoliHMMEVAL50","selac","UNREST","lognormal","ab3e84e",1,3041,41,164
"396","ecoliHMMEVAL50","selac","UNREST","lognormal","ab3e84e",1,3045,41,164
"397","ecoliHMMEVAL50","selac","UNREST","lognormal","ab3e84e",1,3042,42,168
"398","ecoliHMMEVAL50","selac","UNREST","none","5c98a1f",1,3046,45,45
"399","ecoliHMMEVAL50","selac","UNREST","none","5c98a1f",1,3049,42,42
"400","ecoliHMMEVAL50","selac","UNREST","none","5c98a1f",1,3050,43,43
"401","ecoliHMMEVAL50","selac","UNREST","none","5c98a1f",1,3047,37,37
"402","ecoliHMMEVAL50","selac","UNREST","none","5c98a1f",1,3051,40,40
"403","ecoliHMMEVAL50","selac","UNREST","none","5c98a1f",1,3048,43,43
"404","ecoliHMMEVAL50","selac","UNREST","median","5c98a1f",1,3046,45,180
"405","ecoliHMMEVAL50","selac","UNREST","median","5c98a1f",1,3049,42,168
"406","ecoliHMMEVAL50","selac","UNREST","median","5c98a1f",1,3050,43,172
"407","ecoliHMMEVAL50","selac","UNREST","median","5c98a1f",1,3047,37,148
"408","ecoliHMMEVAL50","selac","UNREST","median","5c98a1f",1,3051,40,160
"409","ecoliHMMEVAL50","selac","UNREST","median","5c98a1f",1,3048,43,172
"410","ecoliHMMEVAL50","selac","UNREST","quadrature","5c98a1f",1,3046,45,180
"411","ecoliHMMEVAL50","selac","UNREST","quadrature","5c98a1f",1,3049,42,168
"412","ecoliHMMEVAL50","selac","UNREST","quadrature","5c98a1f",1,3050,43,172
"413","ecoliHMMEVAL50","selac","UNREST","quadrature","5c98a1f",1,3047,37,148
"414","ecoliHMMEVAL50","selac","UNREST","quadrature","5c98a1f",1,3051,40,160
"415","ecoliHMMEVAL50","selac","UNREST","quadrature","5c98a1f",1,3048,43,172
"416","ecoliHMMEVAL50","selac","UNREST","lognormal","5c98a1f",1,3046,45,180
"417","ecoliHMMEVAL50","selac","UNREST","lognormal","5c98a1f",1,3049,42,168
"418","ecoliHMMEVAL50","selac","UNREST","lognormal","5c98a1f",1,3050,43,172
"419","ecoliHMMEVAL50","selac","UNREST","lognormal","5c98a1f",1,3047,37,148
"420","ecoliHMMEVAL50","selac","UNREST","lognormal","5c98a1f",1,3051,40,160
"421","ecoliHMMEVAL50","selac","UNREST","lognormal","5c98a1f",1,3048,43,172
"422","ecoliHMMEVAL50","selac","UNREST","none","ab3e84e",1,3046,45,45
"423","ecoliHMMEVAL50","selac","UNREST","none","ab3e84e",1,3049,42,42
"424","ecoliHMMEVAL50","selac","UNREST","none","ab3e84e",1,3050,43,43
"425","ecoliHMMEVAL50","selac","UNREST","none","ab3e84e",1,3047,37,37
"426","ecoliHMMEVAL50","selac","UNREST","none","ab3e84e",1,3051,40,40
"428","ecoliHMMEVALFULL","selac","GTR","none","5c98a1f",10,2053,147,147
"429","ecoliHMMEVALFULL","selac","GTR","none","5c98a1f",1,2053,147,147
"430","ecoliHMMEVALFULL","selac","GTR","none","ade1e58",10,2053,147,147
"431","ecoliHMMEVALFULL","selac","GTR","none","ade1e58",1,2053,147,147
"434","ecoliHMMEVALFULL","selac","GTR","none","86cc7e9",10,2053,147,147
"435","ecoliHMMEVALFULL","selac","GTR","none","f1c3d1e",10,2053,147,147
"437","ecoliHMMEVALFULL","selac","GTR","none","ab3e84e",10,2053,147,147
"438","ecoliHMMEVALFULL","selac","GTR","none","ab3e84e",1,2053,147,147
